y_true,y_pred_lwr
4.156159470980874,4.006815783140601
7.669488810005953,4.85251718319414
4.377085397988612,4.067515288010046
7.725187040447856,4.158548854138665
2.328827325342448,4.164490286282239
4.160928698824248,4.223269846230147
2.3644039085644293,4.277834882943974
3.64601125472204,4.62840382982014
4.147980323223997,3.9999724151313565
2.663251702527841,4.110728288525057
4.227444134464695,3.919870869945834
8.82626277838053,4.517506023129815
3.476157691081956,4.30815297482558
8.148412602218528,4.61818315402616
2.462829613367544,4.183982122942539
4.923146219860947,4.4701635842073975
4.615583428170217,4.164345995801691
2.124825669866094,3.544931345918189
4.377106679853653,2.8211687514098553
3.82959034296564,4.153295615897043
2.793282424165251,3.5113602214546673
3.224157589855408,4.687709685236783
2.9627578039793843,3.8366865499459823
4.115567533407344,4.469742489772075
3.1778314281319613,4.0191115253448135
3.1738775304483053,4.048449013321957
3.3508039476693554,4.12380082479432
4.014335270483604,4.138236385243655
1.5426934180037015,4.090638820182758
4.014917162672242,4.53007632261035
4.518165006567142,4.512948078776185
2.6967471376273693,4.626304929142361
2.188210912932927,3.684875971985733
8.379223318582522,4.430206498816268
2.8170943517886173,3.7202643492287217
3.114237816880981,4.439913567102112
8.434543176675419,4.334535927097485
3.553116004635501,3.8711476371467373
2.805262095421091,4.372778374014505
2.862245267946631,3.679882272873684
4.373599976315504,4.322237037062922
2.324874700854497,3.0460300945323895
2.71985079647459,3.7636969371347804
1.4160269824540592,4.026255786642139
2.728611187359632,3.879817575156526
3.0170341165279977,3.7707971071821085
4.39321080227231,4.065325176798296
2.4111461598495127,4.311039133521611
3.992688610444578,3.4212572938872485
1.5798337486920015,3.6664479600497013
7.968504010627037,4.2269970483532555
3.4764241254389714,4.423781069409655
4.148923647805962,4.514292539119601
3.2871662674310125,3.7368114447986907
4.270291385397214,4.800820005357989
7.681897204978967,3.8789614053722126
3.399217719754453,4.591196558639772
4.085690748074782,4.167091491004847
4.176821521277095,4.577431563273347
8.095864694900097,4.837041524053834
1.7036949367647392,2.868334014037593
2.23542691495238,3.203368605178077
3.17025440110458,4.6137489521286765
3.2700170100644907,4.120499249929596
3.270710090893933,4.035185980083326
3.054241089954604,4.193541541821071
5.404198371715729,5.115361787691532
8.383713446847642,4.172409848078295
9.272000906158896,4.899327527456626
3.685597840009793,4.873940206287368
2.8871340022814924,4.2717307995434695
8.649156224468623,3.7279169507092393
4.198326586980583,4.348402515275782
2.9184142468665724,4.454713626380399
3.0515883667658383,4.062121507545623
3.7463762273989936,3.906973856720153
4.462807158017911,3.3381753400698764
4.495683853881019,4.68360923782187
7.932883026123567,4.595179192323162
1.903098635479446,3.562036343131879
3.1626605054464267,5.021411148857849
4.876076439074143,4.782497309502508
7.456797002731956,4.143277312351495
3.106373563514423,4.388555671546458
3.909760476085336,4.0233526245257165
1.99974601847952,4.662979904969886
8.489101165120315,4.385472073093765
3.764983231204527,4.248786669065678
1.8118684913776375,4.482618600799289
2.5311066774257878,4.527274546949197
2.3138954167252206,4.317709282588278
4.472020930000809,3.9746156108300132
7.052570655421537,4.077580882270263
4.111646868276282,4.075398592258465
2.915026871275469,4.866897014499874
4.957999296149287,4.423634220482963
3.8878662851483656,4.47863101714556
4.995527654820082,3.989408163238529
2.2668881797305427,4.667192088310879
5.012885907793314,3.8641662618943076
7.1001298220798335,4.665324777718349
3.514031670759925,3.9613639395894156
8.95203553642607,4.259202408926734
3.018587575224719,4.104450750084896
3.046232965105076,4.464860993537661
4.213268051086749,3.9064291200825956
3.360767753778561,4.098908584704365
4.114153722523643,3.3465288086669855
3.5017020002186614,4.138931587164846
4.411129133870366,3.9336116369500367
4.042147280807731,4.560300781949975
4.270003867765131,3.705403551574797
4.224126101451228,4.636912375554043
3.7796863651485113,3.747599595748497
2.929322229176188,3.9978628145156883
3.4857328335951663,4.508024133699055
3.438869137971889,4.172496042086423
2.916632881010835,3.873115762851844
4.103886209375858,3.9767191580365395
3.3766712555843883,4.213928532395476
8.541201560849615,4.31934747665357
9.039304207824404,4.04342874162961
2.6338008851902344,3.7570416984745556
3.100718197125733,4.463552983238879
4.133560364570757,4.720106166994223
8.975086182445981,4.797860437960523
2.237239656074513,4.694248286797797
2.827742652376012,4.234848746734032
7.026887723436294,3.9691330306200907
5.004407964398696,4.404463925742138
8.640650491571996,5.366901622780024
3.283986878035999,4.882390526890882
4.355225885726557,4.301205999125868
4.275829087149264,2.972955884234268
2.933616319811642,4.690167375077478
3.7069669533394394,4.582907115758086
3.971156974110322,5.454707579203545
3.18909000322922,4.378669088380504
3.349409808289362,4.200993850900025
2.496538086998973,3.4743404719382247
2.1475911630529883,4.211004069066569
2.015562049410386,4.357346899735918
3.524829398867638,3.8738123210977253
8.372392402005543,5.393350681482456
4.276897074369568,4.031990088760932
4.377162379455652,4.700104816558281
3.5705234650718287,4.41033073836664
2.5684109289175887,4.112099545550181
3.457534113281536,2.9324895776266384
3.2606545644239757,4.253185755735397
4.058249371232274,5.028595380276764
2.84824786995285,4.376753920168803
2.6425035017996903,3.785297384354934
8.31314088811888,4.260217785217441
3.546960715016171,4.419885257598871
2.9202904053544945,4.161632372338646
3.5847179801918942,5.18843254163789
2.4422860729644613,4.365517878770992
3.442749266373943,4.021854004862305
7.810151134167169,5.073404491567906
2.947786973947963,3.8353007149214733
2.627611665924636,3.9122126247650577
3.451760072924529,3.819257479684045
2.883151442853967,4.134861520917559
2.627003350884925,4.171095317505933
3.964626863019161,4.298765811337089
4.7566515781716925,4.338971700064067
3.407364541035046,4.4894146060147095
3.07359061361948,4.342232943802263
3.1191180035997115,4.808857159892254
3.5301102892271343,4.5848682720575535
4.433156577244519,4.407629670336507
6.984018261725375,3.8321888492685328
3.2865211214383434,4.085109674570908
3.706498350516835,4.1282226207755235
4.859640850395044,4.456169244741674
2.296880629978077,3.1200453541203395
3.2949235794156966,4.298247078598411
5.290912335833228,4.611348746588596
4.026224346578402,4.273986061605098
4.502229477489858,4.765071802366682
2.789416390177316,3.0958759687191275
1.880096390880988,3.9623904401245134
2.896806636963067,4.908038715542522
3.350806596381852,3.9725289085630755
8.374173697869285,5.106998115357998
2.552206903260355,3.7864268151585208
4.5874764298875,3.5934823461964536
2.606998576779349,4.0694834358781815
3.1088567321186096,4.651519548752972
3.3956435157315408,3.6878027187204685
4.085526374740522,4.452923747636011
3.4946181336017768,4.269166676281401
7.562121814408615,4.206657337110902
4.725351762355272,4.267067955100073
3.166440914536488,4.461239242459324
2.7652564785230638,5.63615239242864
2.255409155074856,4.046126002692005
3.416254656053665,5.126177612095914
4.682440015876127,4.305919998515473
4.271038249921707,4.07926067534499
3.6183215196421337,4.214652813120991
4.027834560715468,3.6274301482613827
3.30111895960473,4.4982990702030134
8.317672304950024,4.497409657190585
2.740500124420804,4.528601306836044
7.762091015386654,5.173586528333877
2.242747957917531,4.145894800962025
4.244268368488898,4.042700270681754
5.189608106337969,4.055576326923998
4.284142479056796,4.205664140901261
4.516333666321007,4.253779488443253
3.615874598508784,3.6284481221272022
3.2002989995843034,4.5299898070147675
3.89319948482839,4.54387870153787
3.0306112803764598,3.865659312004965
3.0556099046920786,4.162386678740524
3.9317432587972942,3.700171998735123
7.9517503042102,4.5296835746968185
3.4312097496047245,4.68460253540737
3.5280894587165843,2.883660780199256
3.0475226202647594,4.288051379301604
8.643418513140691,3.6231564376094667
3.261585216376491,4.3557300108623185
4.674897256407549,3.7503630156228693
2.444248959560177,3.6723073472607806
3.776649376371916,4.2976653658536
3.3236499458917863,3.7227435913165854
2.147705342063673,4.096058911639671
3.258329658642709,4.576138601693957
3.1568270108070653,4.138621450716727
3.369620890335349,4.096065486796968
9.090431536092629,4.06189877323242
2.015729696872278,3.9326455569807304
4.445377562766854,4.29613319848742
3.339644278806613,3.831016478949586
4.2742996972914336,4.139290884825947
7.239880986127254,4.355607459557869
8.527007660001203,3.8336584021539943
8.192729802588008,3.111762272735319
3.7941571750582153,4.351562140183445
3.4346609291595764,4.2419573230329926
8.415960307034597,3.913188651420922
3.57141073003666,4.15063986084665
4.401746658662714,4.486671770965099
3.584990892129282,3.4592308189769616
8.419180706493949,4.942352669572558
3.363327105670899,5.381150392443407
4.201986800730542,4.068768148436959
3.179781164007248,3.9368197947225045
3.192116507011749,4.242085981853031
3.653287661217664,4.045987346604094
2.957166198941352,3.766959320723137
3.9591124812651617,4.730931461514176
8.639259640798665,3.912130236538098
1.8216829951677325,4.396635995287768
2.6622322962163176,3.515089641599524
2.7042854407832912,4.764479958127356
3.0679653358842502,4.439894207349489
7.12516240989447,4.154309267019177
5.183789400283411,4.388032854067641
7.934719964092616,4.201160453784356
2.0168422676132023,4.290261933463979
8.081565934126697,4.840325398682445
3.028525625752198,4.583824528225266
4.041328042476841,4.394039300936262
4.402344545115318,4.370474168709321
3.571821376734617,3.888023753832508
2.649861942528314,4.806931470316056
3.034790848598557,5.336441586229892
3.61479597531215,4.13129203918513
5.339906835471943,4.690199005237721
8.681432185211495,4.6624611219256415
3.563291709551224,4.331825856069134
2.18060105858226,3.9925619757366637
3.456696719617553,4.931954610511952
4.139244366590801,4.101571206684921
3.602401946406033,4.360969209815188
4.388958486758384,3.322716557334292
3.350737646722405,3.5909388262405737
8.234602422197597,4.105211685088469
1.9770970152962888,3.361495388646686
3.686734620736581,3.827183598525112
2.748760893699847,4.749678887625023
3.796785667770618,4.264073967413282
4.009218699217158,4.215626778372401
8.683668609410224,4.053677381063685
3.4807439868864885,3.8748733547145573
3.294828230676125,4.0764333133645385
3.037508133076007,3.618279947201656
7.606990785503375,2.985216734211276
3.063986276462414,3.8024473177461964
3.270215253933961,3.4305896144895986
2.3216650843356144,4.2764643691435795
4.459711968781987,4.037580654732664
5.259226581702365,3.9851008014956757
3.932375061392264,4.061352290618777
8.341485133269824,5.086700514317411
3.9743757295149096,4.52899996925063
7.55012583135819,4.473973549214149
2.809621483023847,4.23952196319902
2.7425440000950823,4.71312070617742
4.444455315215947,3.966933250653919
3.332906083935732,2.5993925270892375
3.43629002019976,4.044031762492728
3.569954273765307,3.8368357583077786
2.844510029868235,4.472430189186814
4.339691996320798,5.550555402844775
2.982178013146989,4.007446120958094
3.181154813795549,4.1804314743428685
3.7580886024200657,4.02286569067512
2.5202985439619905,3.6271920794152606
2.341846556853424,3.7955407758170074
1.5899480731244908,3.9038441355162568
8.559399090944405,4.4236295045353815
3.3914196859654497,4.0717235860397025
4.253571223667309,4.09051408897117
3.2450307913500493,3.5795047719896504
3.62413400210826,4.505173152713754
3.186907043860772,4.133602409859223
2.9642072903571037,4.402560091048656
3.3720573546147445,4.629225372617667
5.139035938204593,4.580266623190081
3.649165014361136,4.1935833790567045
3.5947236343163858,3.810980036291579
4.355230858848053,4.501988160809232
4.55739431183804,4.4592077175099165
3.811190381629847,4.284959506686727
8.922260463969831,4.187946845040237
3.423742350347677,3.894368486023709
4.589376116037222,4.438209247978907
7.525809121971346,4.223581708021526
4.464175183904061,4.4315179900409865
2.4283514504317827,4.652249148476016
2.601709736218528,3.557986184958212
1.8842372393759708,3.448079847281273
2.4857963526749742,3.629455680907687
8.499461832663656,4.065481412894187
3.258113712804149,4.3177061327352435
7.508664848713235,4.053639383835112
3.858797627602697,3.4816066355963273
4.37860804198393,4.060010878874006
4.332376841496481,4.2738960323251565
3.5334254377863665,4.861575887435743
2.0189384448750523,4.479811093101238
7.202872252619494,3.34898293203793
2.7524073368219417,4.162694265657106
4.481052329703799,4.140548336808971
3.756042018370197,4.63520430834662
4.194323753890495,4.209312225163438
8.369593736274117,4.7715248597289
8.743695048148517,3.950440102708236
3.083442793643683,4.559249575686432
2.3010698804902825,4.54870795828932
2.5599466738444066,4.973145073604348
5.033845834551896,4.66123033299052
3.140197898705526,3.9638099096317787
3.358353365268404,4.350917476956322
7.8095735714661725,3.294882731203703
6.0442792300772,4.277148230675372
4.802850571709711,3.4717976725738553
2.248443258396535,4.476191689095686
4.892482277565978,4.926620834432093
4.472994149722875,4.178173703933727
4.735364960316739,4.332033791532778
2.120496657891377,4.028444925642582
4.782560187390686,3.5181074607103775
3.2648993885764304,5.035084872524327
4.529992238476071,5.059968589308307
3.864509835922613,4.713491756030659
3.143540905096986,4.304867489375409
7.870734917036684,3.8427469387711
2.988136925242076,4.470869753388162
3.385982474069736,4.0564232818807975
7.712103232753218,3.907738260153032
4.035162505316468,4.199011883399056
2.6474992590397037,3.86851908537115
4.679199214255803,4.060842107718485
2.594111194040051,4.551185123750425
7.176948441282688,4.365710346820697
3.591520178407812,4.109329061379221
8.821177221386233,5.081418244256999
2.7269633640528603,3.8358563248918185
2.2069138387991183,4.541793852174752
5.078612329119365,4.434842011921642
3.4467112072121635,3.5286856958232677
7.865772056469421,4.332082699210697
4.069243918496711,3.91849967292282
3.895653666812629,3.680896416473196
4.5713710854631975,3.9957305767432802
2.8202205551349464,4.476345175761199
3.862264656258576,3.4961946517284845
8.280591533461156,3.7281740606577576
4.779202408237592,4.4059960868663115
3.055728243732809,4.380370547807456
5.176215109104361,3.816020681207204
4.833986436660526,4.529558457494261
8.791657687621907,4.035147662789256
2.775617663383599,4.231849632714992
3.083254961891703,4.309385179862196
3.8516586322474407,4.0340793645993855
3.1144499175537423,4.308934981728785
4.990080606410229,4.991742972795519
9.246466883531085,4.5351891660955745
4.689240058841999,4.250042755669635
4.435516055891827,4.960584356890267
3.444902549358738,4.741945770452916
2.490299277177745,3.758176698467375
3.5081928400078364,4.444561621886087
2.508839721562285,4.406131723989648
2.94034741520332,4.751279222983719
3.484687252996337,4.572791548916503
2.393679418193764,4.307515210209435
3.888737169759095,4.384012297089004
8.815128209053215,4.560104624739102
3.03979688244722,4.305026724280349
3.986439937904567,4.344181055861683
3.580017409406525,5.058324909824355
2.4275250194545483,4.018077920446964
6.953223918683854,3.8253589787238704
2.5498073930988814,3.7606416197340113
2.9819839573753,4.534217394658195
1.928443743502292,3.7636161791099583
7.513567018089431,4.052912435979571
8.649725434900372,4.869934026300717
7.157738549400987,4.530904959455345
3.6637362988162967,4.0798578627683035
3.924875533675188,4.1344831978025836
4.727512047194471,4.006782248747871
2.6892914768937928,4.338583759269931
2.8280874046763325,4.154249448960842
3.5565713490831308,3.9733062272773765
2.848618782189009,4.369746173407895
4.564634964626344,4.770424661746347
2.8190467076123467,5.157173307095541
2.770435175572492,3.9988445128694
7.128143480836838,4.509914328639797
3.3372330720763506,3.977298130121657
8.156664668129983,4.401308821932342
2.315341932929665,3.959465676140795
3.77867819204529,4.521892948423381
4.447116637331481,4.586525544539332
3.2215738287641003,4.438174934826153
7.733701697313946,3.354177607908765
2.8054582564402404,3.9595994948907047
2.70364996500468,3.8850615826977513
4.378713138246966,4.7164742312285215
3.219971795501272,4.202768313514074
3.216369367709901,4.89689161118744
4.505563329781629,4.29777899551377
2.482500143344775,3.690911208613353
2.6350908270521005,4.352232450988331
3.2395503458758914,4.568350103504025
5.110286466494204,4.380987540163518
4.497021994857391,4.240117295281526
4.352930130606152,4.4405841190004285
3.4134463068207213,4.513131723826685
2.8069048575729254,4.813994463082526
8.547367154881657,4.002866865806742
3.072520912348648,4.481524850731148
3.0415305545382005,4.122205327873867
2.6812178551064827,3.775283216565988
4.5265423682230335,3.6494858674684827
1.9862344924565551,4.101712804710039
3.137271637734887,3.667439571310399
2.5666006843146927,4.452730472099474
4.301745427341992,4.6356449012586625
4.623423742370681,3.5308239776821795
4.269487699475338,4.39964462140566
4.448142483572837,4.928442787202917
2.4115937897039355,4.5083959418844595
3.821972559269856,4.342785941490136
4.035015514020649,3.8261184608450765
4.522042075343942,3.800627338676694
4.656409289327002,4.314268495539341
2.4652708331383373,4.640373359021507
3.5890377610587425,3.8198304399937557
4.467069008135049,3.8947443546096823
2.931891575436314,5.416006201663343
3.321322082495114,3.9004159870417725
3.096712687282518,4.054044601461593
2.8943476794250307,4.317470350371306
2.764880373963378,4.424298835534098
4.079752245444682,3.974668293719294
3.326734565336194,4.4983243736752865
3.53281597033936,4.043522559606073
3.216885213894097,4.222188519666053
3.0062950947837788,4.107630018919165
2.915636047924902,4.608100846334547
8.421869647591231,3.931310062056826
4.200892368359591,4.196524778935068
7.740915760012083,4.218095500658428
3.204237948490447,4.551914871490334
3.7159881379716175,4.723115948364194
2.6860131814074952,4.090575468785332
3.7759185825383534,4.0332432381354835
3.207467941834692,4.1781562895441855
4.672786660174193,4.829860428180916
7.180181474885428,3.974052294953553
2.3453653737965743,3.9699909340946036
3.643035843307044,4.640687028135828
4.253397289053119,4.308594974345056
3.648870145026068,4.634339533336758
3.6844279230009382,4.399740460180604
3.103147338747744,4.3877477697666105
2.8809350188218152,3.615168525631777
2.654106130629917,4.060613818551129
4.126481514430585,4.516422217834883
4.069673855189427,3.801570064121102
4.66952536373842,4.410218011358677
3.3787301575152724,4.641357472941993
4.715180982850617,4.156720396254979
4.810956415134728,4.3484884936146715
2.857670573690809,4.186381405434716
3.193987908870431,4.038542255534473
3.6692568803440624,4.184043523544904
8.043569584135579,4.859791644614677
3.13973423733004,4.068151773155375
4.089708930729694,3.765948872288408
2.919163199901086,4.21124170801675
2.786420275091678,3.528036851440305
2.4441634578988496,4.303081141165678
4.28010567689635,4.261087096047804
3.154441922900222,3.7767395313237513
3.522778271361857,5.128285785366946
4.2701794316985815,4.940363400777687
4.927272534639924,4.624461476179579
2.958680900278761,3.880370235494101
2.0225084003763385,4.082353899153276
2.8272033497006084,4.084035551608552
3.795587013451328,4.441190890359834
3.354312711877785,4.169942068408022
3.201480738619202,4.541009397848291
4.154991782250749,3.9106981972880894
8.49029252085648,4.10273660083264
3.4063656906740403,4.204332836178438
8.071813160252349,3.4075263884402367
5.112804985823556,4.878614118484902
3.1849695012068557,3.5152799517334574
3.4027500268177766,4.327637710777165
6.4905131670233525,3.5825491993436054
5.435856940213808,4.246334182828768
4.494002164695605,4.198415629282733
4.210023471783648,2.974388203385202
8.929585767776487,4.2458872221689425
3.998663154377947,3.5614504909924647
3.380902709468392,2.7589810189318413
4.533567263893095,3.981886674508094
2.980912506515159,4.559790835367309
2.979237091626405,3.126329630094193
2.00066845959009,3.554495297556459
3.10211940846113,4.421693168340392
3.45768961149219,5.4420864069658625
3.634024988676161,5.328488075024038
2.4928924860408914,4.01809214966323
3.823096587492925,3.499260893859642
4.135134236237214,4.072099767855536
2.1819660031604915,4.031452728062995
4.801266766189018,4.206521877901165
8.184979171352273,4.784286033832084
8.894704613540725,4.348015131077137
8.733983804065327,4.422653236606476
4.398895775098079,4.539458013950718
2.6917006375776045,5.0651755609501805
3.16628830694155,4.17182179991184
7.870691508940534,3.8863422387719435
2.489059395723001,3.764147544853465
3.9996722268514966,4.221986823885326
7.940236813457871,3.6292066686756526
4.490089939354284,4.032815136884492
3.689700960433607,4.531499458127848
7.949250902918012,4.302473611866997
3.130889564822065,3.557917314376784
3.9353669621324032,3.607428875574457
2.906487742928032,4.0621060737431
3.368147269607133,3.152953171075057
4.262818650059762,3.9433520012639973
4.7036022921697445,4.362059270903131
5.965588274216913,4.397281603702343
5.566812376137947,4.598091290309646
3.87926478497266,3.9862216976384213
7.0352450133627,4.045151419329658
2.237292023028809,3.796133524574313
2.978271356194633,3.7219446918797505
7.621058453234955,4.219418811652027
2.585843277323927,4.27793948604198
4.338998733583011,4.598974394431827
3.4664844054770065,3.4047842963881982
3.6718058436181193,4.160310527240413
4.424622195795737,4.751679500804989
2.1222668802502502,4.769821143647479
2.948207998777293,3.913969943845972
1.7625964587251466,3.703175291375662
3.5922628934555365,4.3351184763347135
7.521563582758553,3.9370061724585588
4.286406455233225,4.305407753613838
8.415631153437378,4.8013286015067385
3.7615623478488383,4.298704184737717
2.548466116401732,3.6116347504327893
2.9963734324722644,3.8974645531811136
3.790300773001916,4.7364671286590045
3.066312658796939,4.491914990680399
3.7797112647457487,4.828743293266405
3.5480703588751026,4.199726389640329
3.3150178878815044,4.260959649398165
8.234088596879781,4.05000752293824
3.3037443959265964,4.770437027185386
3.846401733544759,4.260550259742845
5.086429359251332,3.729084643403823
4.549566749452121,5.198597774030849
3.824406880118391,4.602590648781663
2.873006527801392,4.508278849824792
4.122107512274679,5.504186273854857
2.0214385811628235,4.416593356384299
3.3176574933942278,3.6915534023257615
9.75512647682032,3.451599322039831
3.2455951497286017,3.916293430375696
7.213063289624251,4.470334941313891
3.403030931034728,4.8931597071508115
2.598374297800546,4.975100023040495
4.075650242593534,5.208916025020312
7.944648644641456,3.85924163486948
2.2058303532763235,3.949786840254611
2.1028730383070435,4.1640384106660475
2.9422676003807893,4.743775062078539
3.1582027682167464,4.735201381534952
3.484083601366053,3.9549871253625843
3.3437889667272,4.06233225825056
4.6356132037285525,3.522449894396087
2.030151948511548,3.932697357093994
3.813968079400036,4.216309633674846
3.867749681138695,3.6628093184719703
2.981900799944201,4.032972036231846
7.598685575307484,4.661566016136236
2.558133560305036,3.6647129393105433
3.697077853232444,3.74069540939695
2.8077378930565358,4.586615556729919
2.858518177006541,3.7539805530844834
4.342965917905511,4.114478199040526
2.471002054939541,4.901998666267069
4.495984927117986,4.240235645401778
3.220311791570705,3.821489725574602
3.5232109935772837,4.475779855127002
3.3595731931931407,4.523836153915541
3.2736484140326185,4.236127026482632
4.417355656348414,4.680996514793179
5.090581933900566,4.367792394589195
3.3622808603287773,4.139793759415789
2.783394920817197,5.362020209622808
2.9004689849644025,2.8730543234648818
6.433317575884139,4.627562729922951
4.92677371341471,5.265386740147889
4.076875238772319,4.546488323896298
3.395563658181521,4.709043375846095
4.182612336259973,4.769065944537446
4.70363474188445,3.573087747815017
3.013609406394399,3.7358156430322427
7.315920933138193,4.2845083582175905
3.3852811899147395,4.746648836068537
3.900896968812828,3.3732544536056825
3.1002031249638344,3.7672822693302357
2.241322857624262,4.093098722232845
2.9561403425249457,4.032081318759782
1.8317433830049148,4.026906465051434
4.0874845617400295,4.036209106011517
1.4663069700752236,3.8717906496132684
4.046573421318445,4.467171619349757
3.663025677448129,4.628782630408634
5.107741004976953,4.638702939139784
3.991535398753105,3.3200954878559896
3.465919765533573,4.311081204228829
2.44916960236593,4.096556709506316
4.128468764140547,4.302099904477499
3.0766771100633643,4.880979950676301
7.640415255345276,5.018716873888742
3.0427282974231127,4.449258966183209
3.4795549891191,3.9228031466710713
3.3286182828972275,4.515904390032289
2.2866112342312666,3.8828631279704227
2.6137450963958395,4.76727304564233
7.676655205614342,3.606079178538949
3.598728070522321,4.14057299039046
8.229266372584014,5.258553842534326
7.989539638491946,4.4244182870149125
2.6416808688939444,4.227998553713749
3.1523723899519727,4.2335035478402085
4.847107809589917,4.511588741979453
3.81879914434692,4.354842397503033
3.746154583658752,4.1216894594003755
4.55154797727768,4.459315902751109
1.5474280481240146,3.5114602844991185
8.509275673487837,4.205476829962004
1.998234025044201,3.891418046411451
4.114315395408202,3.4343594890692777
3.001534982771417,4.276416713935048
4.330066666034065,4.957480517713672
2.615402542273223,4.937306788408624
4.300703431429281,3.803380285916327
7.904941586100234,4.3200512282880155
3.4122843933648266,3.5978155961807836
2.4496662648027083,3.747574334750622
2.4919877176825773,4.791422124032627
3.8121862164148874,4.434085141321859
3.897519662590989,4.18844977653733
3.3107608860367783,4.902782600636577
8.184843245740604,4.016655724896331
2.1211135303373734,4.4444727943855575
2.9128606499146823,3.3199038545386883
4.801720551030464,5.162325278304481
4.057870005159186,4.231156925071972
9.494647101374415,5.2416432106517625
4.018257394099773,3.6983228397723704
2.46017632334123,4.309462532891831
2.2829902550426864,4.703439628359529
3.979162795720986,3.54418398637088
7.490272767365593,3.9730371819722756
2.263320703206736,4.295575371476679
3.557229140326104,4.864560731332421
8.110078287356075,3.068412910829622
4.3326194876057205,4.331535820270679
4.013581310367313,4.654666276144311
2.671785752683107,3.632566989348107
3.2904197044102186,3.928541843049696
2.572125987965654,3.1331963028683623
7.537794631669876,4.5729668420506675
4.81326281920844,3.870753940734518
4.236686531625272,4.282662175011228
8.22076184873652,4.61469519692028
2.351099326721335,4.136158133402329
2.795250912626733,4.007578777339725
4.83630583274007,4.894644327480224
8.507608299700813,4.6152668663820835
3.574272381174044,4.8292446467105234
3.9419880474328095,4.128903056379816
3.962634479127567,4.155103032040293
3.821103428396992,4.334600601417986
7.66721809368842,3.9069513539321736
3.817115533923373,4.191429563544409
2.8037816025936086,4.579319402821541
4.492266830227238,4.472463850412162
2.3375359746235937,4.54724091164108
2.7952527784023955,4.584510120358298
3.157208579461329,4.025133705348932
2.598467155820217,3.754384905857371
3.8520296540278185,5.007393203426369
3.407156752891971,3.074186492253567
3.11416765744731,4.497200994445955
2.196740921791952,4.166932127464628
3.391103843532828,3.8761019485357413
3.74049912847994,4.191569852501178
3.253284539736116,3.9762527128641625
2.782237478578109,3.985536051456017
4.035077467200598,4.34707246678595
3.941754017155121,4.3591132215137804
7.233384120728949,4.02205045213017
3.8106955606577615,4.115863325827121
4.647344244542836,4.239480452760556
5.261230825261788,5.1442258901303415
3.915464643718323,3.471288262697432
5.136604542709176,4.4391858540131155
3.753216671063552,3.7262246653107898
2.6030424141611865,4.41129619842914
4.742961454799515,4.202525638137065
8.74120214239508,4.41919839836348
4.03713145398162,4.3594086338428015
4.36918398640744,4.501169816459516
3.132420219230863,4.981696518906352
5.047617121876292,4.158263496678334
8.488704234416893,4.8532549506803475
4.1865709311371,4.827772124750946
2.6349921699833576,3.9225935992459853
1.8386938137731608,3.3816295327942347
3.802176580025175,4.173517835408672
2.576014961163275,4.0199015799990505
3.650925035833668,4.1729003951137775
4.465748979661267,4.66492644381351
3.341541846481809,4.241575119634323
3.2492789928416954,4.111109656503561
4.79416783372651,4.112371018119022
3.849401113224445,4.423444167329147
2.1087847784416844,3.6064213888966203
4.428844052207937,4.5065418908475605
4.30464071196826,4.772302563250999
8.285257877580134,3.780535101214661
3.5250472989414217,3.6809518324664317
3.7176274742835895,3.649231377743472
4.010977375451682,3.798575674479071
3.7038129168434537,4.222571024481842
3.243436906355285,4.446319348051817
3.2699296567695075,3.734336391628217
3.743006027285139,3.7505450942579155
5.8695505238847,4.5080167850024955
3.5468163367861947,4.150973196570432
3.823451835800904,4.9524800060356835
7.01324888571357,4.756566444595781
3.782616427140877,3.7610253665973117
5.1174440975775095,3.846821909422775
4.400968301092291,4.753839646029283
2.857789597061123,5.140878341468922
4.109501826237016,4.738462776298486
5.2171118758439405,6.033383467748203
3.017041138496718,3.191345697202456
2.231818106699047,3.995862312160631
2.655186161687868,3.9484420693422337
3.251009790642238,4.116304242224834
4.284988782769994,4.5732248487967615
2.799790744911563,4.282789310260613
3.861498872991684,4.20222418320148
2.842366084221038,4.0513163675251525
3.236495535156113,4.1993008455282155
4.278161408040227,4.516411158318387
8.564757069464049,3.803990876810768
4.326846033346085,3.646813588217643
8.13970797035172,4.321676420241387
2.940816825957681,3.9224494041059983
2.449313420015039,3.929323473075825
3.3868853246558466,4.3180065914612245
3.9856512668308426,4.073041901771729
4.638116480011859,4.120485219724289
7.363665792242671,4.171812247790305
3.569633572181882,4.672242826054121
3.5567712770013924,4.33473511390254
2.8565425738252888,4.049920155340517
4.009980960136076,4.68971755215923
4.000411193613498,4.258417376829193
4.530124225074244,3.6341178932888574
3.2396092660945293,4.6170852426908935
2.750453045817904,3.96617923808407
2.376436533437163,3.219131375284682
2.410759940822583,4.9371211477590595
4.669170185927063,4.95336350748137
1.8671208893299185,3.847145937425502
4.037848494287055,3.8473900972826236
7.65894747285654,3.700446492964402
4.384011472392218,4.7011064328952
3.642534467519729,3.7883995168867095
4.222386576395476,4.424968315042991
7.973071278645012,3.217244296526131
2.3063606122499687,4.009630654679398
8.908213771003648,5.259921530866214
3.87577978602416,4.570857226165832
3.9736525768653888,4.388517223096963
2.9609487225239293,4.2536422655754595
3.712541481123429,4.534263640656126
3.5727100286747806,4.503683443334689
2.975008742375012,3.971386458328976
4.451942380812844,3.769379839022965
3.359493783384487,4.561567233052322
3.0119406061916574,4.370950138325359
3.192283262859915,4.648034348200244
3.0502258731236496,4.719721569951203
3.08043196688992,4.591588814141119
2.7032931232777244,4.3121950608007715
4.994688479814242,4.7654111284394745
4.920910767839023,4.32527801151083
3.282856369398712,4.0712838614819935
2.921704502129568,4.175523637313554
4.340457459630015,4.3019681018446585
3.5111147821062785,3.907545542093814
2.364416454002269,4.325229604635045
2.7852454299537603,3.7408729283845186
3.2803312446209114,4.993335155839803
7.788009884955315,4.332202729658716
2.2802707606129657,4.381919190945618
8.429193405293287,4.971628398768093
2.986655281801742,3.8020288722726647
2.541757033792211,4.366073223571557
4.559925215745935,3.9404662427400745
3.173778575757176,4.114572489068075
3.1366907045955994,4.626440538024035
3.8006216230169527,4.481205954970491
3.718547386069505,3.918230587152061
4.215796031009548,5.661070083237202
2.70314625288278,4.493460095201591
5.783313591734063,4.903221019203422
2.904876542063362,4.734637444312425
2.579296948343228,4.163955885012054
2.8101096234303,4.217472356099384
7.7489731602751535,5.245449772171886
3.9289581931835538,4.078222799410813
7.224435535058606,4.053212909967167
7.784013954994288,3.961229505694359
3.3455746039754666,4.790838788187275
3.3069054720595084,4.066729739363042
3.909459667478707,4.033009577082058
4.338715303200068,4.423335657077726
2.510412345281889,4.75840639240542
7.463537934940532,4.290967483698357
2.8145140728414373,3.776378001396852
3.603854310991272,4.377764795512431
3.2060608492007256,4.221195703419497
4.426575214066474,3.8858005614316316
2.9038764870808227,3.6007383213270843
5.280459407219254,3.2833823312871973
4.085214394820322,3.8847554182974715
2.0475123389898124,3.525951584563386
1.7050150021166846,4.320735888144849
8.367386577961117,4.834350753472426
3.172732161106091,4.416522944756715
4.123530624807967,4.782486416868275
3.2639840721277613,4.064070853888942
7.772395834374063,4.157782700969785
3.71098889750007,4.292460462070844
3.6099418259827294,4.77810640963244
4.676259549617682,3.953347094225747
8.455240826945687,4.64581280059304
3.458989191335864,4.721898290396245
4.037520244139923,4.593169491581536
3.1255885907097904,4.43014361505443
3.05338059095598,4.534160005151463
5.527966336450268,4.573767816248564
3.1273984192959583,4.020156524165066
2.634335822550621,4.046186066399076
3.581169647315731,4.304970020893376
3.935125029687239,4.43307718039166
2.697916381706617,4.5616120510129985
4.861973980752958,4.5753873678517225
4.170937992864955,3.9135434700621827
2.844809485697162,4.506878334313751
4.146507123652271,4.059924685177456
4.634288831724525,3.7960344017542824
4.442737708464727,4.059469334473566
3.872093824368037,3.9182377933442574
4.430963405855523,4.974985137655576
3.401667119391756,4.031643880948295
4.75855670917743,5.13076501798931
4.041514898288621,3.9245574611720744
5.293805361036818,4.988361521176788
5.1239638462333295,3.989648116292509
3.935311668160975,4.136338238118957
3.8546017368073073,4.312167797608036
3.6930856509912937,3.731930152765218
8.515392052141197,4.445410566617384
4.277102270629383,4.292748705713871
3.8667901268064218,4.3403951309517765
3.636306281758902,3.9604752008489448
2.8226743906532867,3.9581536080496766
3.702731534834317,4.75311757749857
3.669397473315607,3.7524608611957584
3.0510962114049267,4.307048967126866
3.7707897724387247,4.192295322238546
4.044975938518292,4.39557586416012
3.379277475536079,4.676716286695978
4.685968100642298,4.070384559785824
4.392968672746899,4.892131469800274
3.6534598319999816,3.36160762636575
4.192807151823289,4.574313900240648
4.069904210730484,4.900023231338385
4.088625202906229,4.039634462694287
3.779111052969261,4.787475128803565
7.97955490572761,4.051659160206705
2.2206053398073884,4.29459387137215
2.2261050536860223,4.52792097177823
2.9077338773209127,4.710021019465037
3.3585105547571192,5.074596273958298
9.028911404483868,4.50969960672434
1.6875259620228933,4.05460427689443
4.039092205094223,3.705040722194696
8.453112574599214,4.840700867536159
3.4608906284101697,4.371425410025338
1.795120140114618,4.223275390324151
4.33736833373393,3.822220343417568
2.8682449592678765,4.998029896968143
3.993007588890462,5.222004305793904
3.0984354063110278,5.817245732333729
3.7428770696790536,4.334137398159778
3.308090744111116,4.09404790644071
3.85890583668993,4.323429822832851
3.000334827770008,4.3488251539476
3.8466042922408903,4.0892973817156415
3.24246418807311,4.0066645005967665
3.338420405053681,3.4025160765058047
3.2606075241403456,4.05643122676807
3.235906477360857,4.184093438395788
4.513169772292325,3.9107244871751656
3.792089254447373,4.443716265135238
8.573200401176587,4.124575606009701
3.90269290416892,3.429653879900336
6.926609068590317,4.073684786359374
2.49176579832038,3.30988531959624
1.9912157868723463,2.6755951270234157
4.116161672519544,4.361624968034393
2.9236311354210374,3.2191489246575107
4.014605672824006,3.5951301434968608
3.3147080430720908,4.123804897921148
3.413978393945431,3.994455562130674
4.457350783700494,4.362163390586389
4.344701721434766,4.33866549314544
4.472341056382104,4.285723838134919
3.1198843155658214,4.756138773121307
8.725940191252121,4.3245564979188105
5.120460068022961,4.014990076935257
3.850295763318651,4.032953040988069
3.1522799441508886,5.541089133761326
4.392102460230974,4.7416816171228096
8.387403390739815,3.661414342970453
3.558415815659124,4.620422286187351
2.8382099131349974,3.782423112652061
5.05633071848241,4.5238293908985865
3.901612088016569,3.778893336848215
7.824513178144282,4.022650531317972
3.848743098777157,3.5333836064759043
2.057258800182744,4.389269762518135
3.209755249123223,3.8820559205037357
7.660001539960625,4.2007918274221945
3.840068301184501,4.222144561044436
2.9545976213383387,4.020883089330984
8.514077342346523,4.473481046897374
2.5999135404486,3.7659010617213706
4.826484726031562,4.318678395379384
2.218321745036957,4.2475492003744435
7.885069809558818,4.523976054579067
3.959389142498217,4.14606566764901
2.675403066102413,4.708658288123195
4.545835879492384,4.030581394862438
2.994174936661714,4.310898120072137
3.565374583800138,3.9941912004091757
4.170437111768637,4.223357115223591
2.763392348584348,4.308654808937798
4.304119728278515,4.564366788559623
5.259001171248158,4.945666313353211
4.7697639705804,4.501912245814701
3.2795071121842607,3.6607572352499966
7.421520522340925,4.250831560377483
3.778848370748392,4.760608586120969
3.2931887724918703,4.475925910818203
3.322432061502413,4.843173802195246
4.414240263775755,3.610837680564241
3.526512154119091,4.716244886807295
3.662789989652144,3.7768712559922832
2.9532923614683364,4.196432418757427
4.042150556134123,3.309145596336992
3.6381190362819096,5.151724253535023
3.503528581895135,4.292882485051648
3.527956138650468,4.543701024667981
3.061737676666619,4.799048983947247
8.23599643470526,4.293925979318645
8.14202903816262,4.537723670844071
4.276220614079463,4.390260544025126
2.8659550532950644,4.238606084405661
4.368734781562397,4.013570961443372
3.716108066393616,3.5396551337366278
4.876496685647826,4.399958780534673
5.814646400200865,4.7966215363466755
3.956093611686213,4.619822250403503
4.65455061680547,4.983622930995417
8.787458275425024,4.486984289192356
8.27573952162175,5.12652386692481
3.248606781635293,3.671268198412421
3.5008542315157127,4.367009078705329
4.155482822346067,5.406914610082514
4.447347757957827,3.907693490910648
3.624093634378412,4.317575540154607
2.453130884486181,4.011413373829464
3.4291490333766204,4.26939440426163
2.570354796349616,3.517174269433967
3.546152816257711,3.7657869023733404
3.3083016161599077,4.0958573683758654
4.054120767029207,3.317796085800932
3.0504694496390883,3.6693753500727495
6.8843898196724505,4.34507639447581
2.6700874231829363,5.026543601121542
8.208799047212278,4.824531330216554
7.8182749937959635,3.9399488588566136
3.149795783240409,4.377681275317395
4.791367642483673,4.09276096929571
7.511899755220883,3.481408508730953
4.332936627208756,4.481820249843142
2.770697954119942,4.383084000247899
7.083687139987991,4.207292294242806
4.757529548297847,4.263662433487868
4.666951167752993,4.434095572894675
7.959494132844904,4.349095897276776
2.235639205642633,4.0748426616519
2.8697754003931597,3.939598218197493
4.3402180115366535,4.53753536567374
3.2498261211909054,3.778590011871668
6.815135644933174,4.450549568290325
3.834643566367893,4.143751499282142
2.578281021911621,4.3111787320184565
3.233518558046496,4.45521321320219
3.712979414840332,3.9528869485912805
4.033226003309112,3.9089582747158373
4.2993048120176365,4.311126015548323
2.85266314064767,3.9956426179556854
3.4690885514624625,3.6829526283537626
4.082201813824015,4.95939535171886
2.8240939241174803,4.262841721028397
4.07344405414194,4.092705380837849
3.674789367354376,4.3727667309899205
8.242589426723207,4.501223470623647
3.820909997098646,4.224000446160395
4.332381715591119,4.283639643367889
4.597887364223807,4.492251117453035
1.9553899367983487,4.338239538176878
2.6958177859536545,4.474602991076601
3.023335960764077,4.148544981507685
4.459653146318688,3.80667276732417
4.65315871159194,4.424122764569568
3.1725846271924967,4.362634703408411
7.7704076900721475,3.463392994751962
8.10133378720861,3.974282126449419
4.631874363570651,4.785707033872734
4.260543555819787,4.907507834494478
3.45281429007012,3.7467552283312098
2.770068187716569,3.5755911360198693
3.1286406620299534,4.5081292917632885
8.35666787180801,4.278217015573808
3.571690524669614,4.442248147520695
4.584477468110163,4.371488906605036
3.4709202890788338,4.06336405033766
6.555362801678407,4.2737916429933875
4.532347518956041,4.036767081657518
3.819171372943555,4.791458119441551
4.379373652046311,4.064218265313095
3.633446060408384,4.10827106313811
1.942706506136788,3.8095267809089
4.671528058763054,5.160509345148297
3.381959689671345,3.668029053489147
4.065416495788973,4.771802236604596
4.143823036658206,5.027416893846351
2.9140276314156277,3.9822636753079514
2.358321165746494,4.462298771210245
4.541512052409988,3.504411869258853
4.2675708954103975,4.264758351047826
5.014886499694561,4.365803279784601
7.7215237425861,4.006018408193802
1.6276534392235391,3.6499430428320143
2.0543419637030818,4.362388825751259
8.060507283943426,4.753658052548774
8.608536350556161,4.493261361906869
5.284727569556647,4.273562573015124
7.74430599873804,4.287846328282336
3.895251873557958,3.946295139568137
2.954581618003566,4.342333932923577
3.61498484594002,4.3684916336704855
3.5727379937951897,4.467002260270596
4.053029353581412,4.653199653925958
2.830180160810421,4.214095583158631
5.12654683762228,4.6363967996922515
3.8720319910383463,4.591899485539542
4.886892586515638,4.053123010273618
2.382234857929586,3.781817199731083
4.732625508400016,4.93056517761051
3.367658364336819,3.7705355503560822
4.008360132074213,4.7902159008365714
4.836987505783728,3.9428824173298107
2.190416364184074,3.551549711300942
4.360204545901347,4.878839680237345
3.563001770394379,4.312594387183917
3.719647142759122,4.024764287724589
4.396614013379284,4.696164924286288
7.744170307696467,4.398554818649222
3.282690938851167,3.920051871320815
4.312427144465627,4.321990646589847
3.232854990670535,4.357259813793315
3.397239857690216,4.66772187664756
3.071123087580167,4.338669382498423
3.933928339276728,4.263041684319644
4.730828049818348,4.913124282252115
2.9686236166889826,4.546000497468139
4.264461448080684,4.423700573422515
2.721121865752247,4.378539521809052
3.1238265672213847,4.003893051771225
3.5880772996936536,5.10911903871952
3.014666485894648,4.050496288383774
3.279348540491976,3.7599154791882734
4.207284041103663,4.4039803783697415
4.156555691711144,4.583061801353338
4.59349475764934,5.167908852996786
3.811269367714689,4.027569675742907
7.979174821871132,3.9118310614943628
1.7150044492982712,4.277115325447596
4.245209645170975,3.8073584040193746
3.841354484789695,3.8806008131854366
8.637775885568878,4.497095623004657
3.0934712860258875,4.596712166630555
4.029225921486023,4.905976060320033
4.504732053951667,4.200136740126036
3.321300705491221,4.017129501163098
3.299232677547598,3.5183479531255926
4.012397959286469,4.332060465964724
3.55517872241317,4.172517255676905
3.3238347372917207,4.32733450732661
1.6332678490973087,4.805629577203001
4.2840734527125095,4.722572660069498
8.720068723361079,4.418946128401991
3.915024541529065,3.9997103710864375
3.6044316839338864,4.321066608334514
3.158158648047758,4.515465245514072
7.797204931998353,4.132269877829399
8.498218843140046,4.532392066624047
4.210682658328627,3.773668463351061
5.549600779595362,5.226106101737612
3.261591334356128,3.584855415175702
2.2052944756530186,4.292613235292909
3.9040995919553696,4.505942184909968
2.8724957582105994,3.577194831479166
3.1299590769362737,3.4701311034403073
8.254669689991948,4.101585023448545
4.156275605975645,3.7589820077246916
3.5390692631540035,5.655259574899006
4.1814193350315865,5.03257809835934
2.950017654458536,4.6226626601091585
2.342480493395408,3.838770395973046
3.360026966004297,4.315872367960131
7.617876283677195,4.2770200661505475
7.696669646567957,4.282265268876617
7.544003280843714,4.145632789536737
4.213532184989694,4.524227347199994
2.6793748710538274,3.5880588471953585
2.629184763021071,4.024199936441516
3.819100829751952,4.638972403622035
4.6201252791724485,4.858892004769675
8.034260033217707,4.19537272381184
4.285564947311301,4.323584142893977
2.981383012269385,5.0564638476950154
3.125888167206615,4.625352945380671
7.415669450117449,4.180220741485597
3.638587552118989,5.412503811480229
1.165260854192013,4.1874524766665635
4.422759553945542,3.6608896778646343
5.931349964942008,4.92815663859743
3.165161843663799,5.139994951049955
2.4939916558934456,3.3118838693084993
4.5792149328750185,4.743289663085043
3.5422145934365723,4.071497340938973
3.2683047473762783,3.813927474620092
7.616981315217918,4.159616282149858
2.463919904807194,4.0832294726982665
4.952554006424126,3.370652803883614
2.1432746135061485,4.4341766025043485
3.7153421674483735,3.9012021608732725
6.910686319627432,4.064076082472148
3.41845257253767,4.057029738436766
2.796187469186936,4.490654072720059
8.352861836305545,4.038782964839749
4.639415928597448,3.760177692960047
2.455485090697229,4.719954297229664
1.944681589078449,3.903266610109388
3.665876975849132,4.018605405189964
2.94947432295207,4.6176204093118765
8.033468465972305,3.8203453960991576
4.411360275154856,5.034102090751425
4.175600995760747,4.288458681514187
3.468209385294194,4.498552389460705
3.4316383352209434,4.394638305839663
3.727410147052562,3.9916318888230804
3.723392366897627,4.0361815244018695
2.9363910415744674,4.568245956870089
2.73499761198756,4.000276933023985
3.210022441906527,4.3320060673702585
2.486221272099799,4.894891272548616
4.958597881005296,4.278325813489269
2.4785307510481283,4.311862562120976
3.5195916998470373,3.8619381481309003
4.633955356042821,4.088968932439667
8.889427437777641,4.883147620523103
4.134358344428216,4.221880607824584
4.682997631407494,4.691546495315705
3.720223659734201,4.122812340185317
2.3381743668956325,4.420911411745165
2.8247854318431878,4.058844073557081
4.540387233839103,4.674511855852169
2.8313858680890727,4.457452822900852
3.077977079734037,5.18543270766005
4.773482348425136,4.431304324844866
3.995393724926471,3.9456194928605304
8.684442751020237,4.679512696804239
3.847435211821885,3.4426262798357463
5.150559387724145,3.9715507271229993
9.038557161232088,4.739780661638015
2.6578277252013827,4.258315782648266
3.697423461252476,4.182153079413525
7.866971442917534,4.333221656297662
8.627637780878892,4.835656168804864
3.655160920721733,4.310523939737454
4.220544202248625,4.746786314888976
4.0585875302497065,4.352455583687786
4.388593274893408,3.8013392214531794
3.264516686178068,4.789499210005617
3.443525310116889,3.1909334680955896
3.203371104933952,3.920486715600515
4.510514311387894,4.191514851049474
7.647930481910832,3.764712196299136
3.403235972861819,4.750050001381205
2.105793045271992,4.684679987890713
3.2857107599970905,4.3717587041388875
3.2741841243198526,5.339265284098417
4.739426203835867,4.223589959758641
7.492133207169353,4.615963058311833
7.130592438453747,3.5862981330955814
7.243259923433992,4.35047302526182
7.517825293805243,3.0983440048531485
2.905090186910438,4.226405593097676
1.9511433235904356,4.04674103862492
2.542902504307797,4.329977543669119
3.8242123344627577,4.831621718680797
3.9513536816458856,4.2903264099155125
4.940191803857784,5.092966463442996
2.567169291236437,4.033722530477138
2.924802749993543,4.135929158612695
3.622892513448232,4.42078412639451
2.6123773912408423,4.366925373082936
4.693118279776249,4.077696110202925
3.6712038890276073,4.041044591194799
8.844984521930073,4.356448550840718
3.2734099573838757,4.644301441216051
3.4705840512789647,4.52442266519343
8.039073313168641,3.8831884361126683
1.6572558897295742,4.215494421393119
2.40407133973824,4.1079926508445155
2.478153912152537,3.7625455263516825
3.2006616699725967,4.359168064589889
2.722340232833084,4.487677123283044
2.911140597759786,4.036492358226229
8.329759507438098,4.286778159412207
2.3287325751224808,4.500748819499156
2.93435023829029,3.3850192756094186
2.450278918324966,4.3018208038802594
4.022240342078821,3.695772750139881
5.614526847894913,5.381422842711359
3.349258052840064,4.008077470250444
4.542417455576496,4.2941988832794715
3.5636388090034004,3.5440743372352674
3.192831728126042,4.498519772035028
7.921339905637184,3.6594749616329993
3.728648527517495,4.153636412943213
4.00963202933781,4.0139368934072035
2.658388539299416,4.354622415730724
3.2845814820860846,3.1106197555145605
7.677565305876788,4.72426497217401
8.410513949741022,4.085054296837985
4.290373472610042,4.195739396330322
2.4326292258483617,4.291116642961246
8.906191646175234,3.901760899556393
8.826577787332148,3.9727224757460937
4.577391790613194,3.687694029835559
2.7101820785791317,3.6610353995281892
7.242269178117298,4.119898324607117
3.5123470774934744,4.249920756351408
3.7734632846657226,4.316677333656295
3.7614940955527336,4.247928136756222
4.25556457338317,4.321712324121785
4.290142006858176,4.14519663592246
8.591244359080319,4.24579509668112
3.7314727238536114,3.6347950176875625
4.204978398250777,4.6700096036424394
3.688191634760528,3.8480332477556085
3.185745253876109,4.636520614056353
1.636735842871915,3.5578843423108006
4.569725607243921,4.079819092670137
4.32970982202658,4.663038558488056
7.942722116185784,4.286491632099056
3.367415652508137,3.813829969148576
4.091918217231161,5.045910688366029
3.638799655814381,5.111843356551426
3.3363299466797285,4.711455158453287
3.038427856781597,3.8830046711394695
3.67021089401182,3.3105465107457115
2.583511244753065,4.435255109830946
8.74507431707944,4.262386021273197
4.962386134607537,4.124527054069914
3.331922684471174,4.1946525015150185
4.161554120758172,3.9600933457719107
7.8828183046183185,4.253248818936427
2.8655079657675198,4.111849621203481
4.742907476184472,4.4935326887305
3.7177378562357153,4.2108505329508565
2.615704936361148,4.407020243822391
3.18825795109008,4.360294443104978
3.4242529252906677,4.454665990511027
3.738357555155468,4.275408517373717
3.0278358965887566,4.6085220816402215
3.12290906957034,4.114288361231113
4.067752137833099,4.3344224830360405
3.9564740127470985,4.196421618243435
4.0841650390793545,3.846380104258958
2.720396435168723,4.412819186203474
2.8430783802842576,4.21732335940112
4.758855562009597,4.801364453270731
4.985879314356499,3.979148056220232
7.763534786055413,4.131405115009179
3.095063695865993,3.730453768125259
7.673661948563326,3.555285533006061
2.1676534809922163,3.7146564959571733
2.72286584781081,4.198418204896672
3.942769389845127,3.58798063779303
4.320422187355921,3.7908860121081536
8.354397358420865,4.087972359092067
2.174521617696035,3.860191945784434
1.4260828611440222,4.290159329749273
8.809632514497421,4.846824374418749
3.522449114470578,4.471511248164403
2.91407606063571,4.384274160989683
2.1013415637455544,4.620732673703365
3.897400552344221,5.104248207703611
3.2445145675683267,3.973160568030842
5.644259562237992,4.299965912389141
3.7960323233585394,4.3788330002995846
2.934656603021212,4.915174530101878
2.5923787104851885,3.9958301576551216
2.259549953752635,3.8752882776016184
3.102568068584262,3.788925023360373
4.204302827726008,4.211027666417571
2.262872212196332,3.770694932834634
2.72959031591268,4.480468533501996
2.993457250664445,4.543844892127477
2.94873897897288,3.9073353331014604
7.672829755656239,3.7816088337738187
4.913922594529687,4.436121858948274
7.43403681431659,2.082247865017074
3.922484974552263,4.13148657784014
4.170080202294006,4.325215174784459
5.173661359147821,4.76983438646934
2.819281295264422,4.061684190696917
3.0475439021969475,4.30586100024762
3.548751357283329,4.166038891822533
3.7490230288360817,4.421559595023534
3.388555539939687,4.396761444170038
8.337764004711428,4.943652149327189
2.4797272575728044,3.480585835869192
8.36954763416663,3.657010552044323
3.720050867094151,4.277760815902893
3.415775884151735,4.207232819523623
3.5928020228056847,4.236933448537779
3.038099780681755,4.659383074922286
3.0872426645717352,5.092350732174683
8.760935252084895,4.189318677973357
3.578455052328428,4.17428238438184
7.821640232297473,4.291135687497236
8.137667161279222,4.471159900906226
4.616065636263281,3.6705778599238665
3.0576163735620203,4.30282712150481
3.740379456204825,4.462033886210697
2.485314057050957,3.927831480963357
5.525116997703959,5.85013862213441
7.707004557463151,4.549779435970076
8.546299258791281,4.6421148085612485
3.918281197419213,4.742482919330932
4.074896925379136,4.82697358363163
8.335674843231782,3.869858235342812
9.001878833817669,4.249176125061184
3.587446163835943,3.975012994376337
4.267338953174331,3.9886559201016514
3.5225991619059176,4.289746821528456
3.207467243051823,4.134641450689879
3.5932614765950235,4.784563611637757
4.5020109661945344,4.0078347383754345
2.6408127203540857,4.336930993592571
3.7631259310245535,4.118652854007333
2.8457394249220207,4.102949865413786
7.141109499883182,3.6215920219142093
4.184909041809246,4.846024644541395
3.4591367426088766,4.176696493794909
7.270352606139524,4.338406822633935
3.8518318028208913,4.750925232370824
7.165738015816119,3.859365792819921
4.553070599177558,4.7136943229081325
3.8475724689600432,4.767104444135593
9.060932834066294,4.615035169060824
3.834663023081985,4.48815144402058
3.647522074103842,4.681817619557057
3.1697462175068463,4.732476584599599
3.4670341983902704,3.9337357313331234
8.438572257998285,4.3957276194757124
4.139953706537361,4.11569334157781
4.0242153982093125,4.35451188766188
3.1092240853768423,4.578819631852019
3.186406321099568,3.9931874156960485
8.156191795643531,4.577205507106886
4.44216802134301,5.37084000002721
4.284856298150532,3.371141339310737
3.979537796625824,4.47959006548599
2.7572472784345705,3.6683067892339896
3.1274382001095224,4.640866152365888
5.128153363567597,4.101954674266018
2.7420425514798943,4.335274854566247
2.5553660490650354,4.436879490925853
2.483456495525184,4.9304265827521885
2.194731438620079,3.3827893802730142
7.532228412724373,3.9129071932729835
3.1101401462663723,4.239383176152145
3.158890726756088,3.9902644376383454
3.0755017348231117,4.327537876454795
2.1340195491088165,4.408809322590815
4.861806872056641,4.414690098574025
2.6554367980318805,4.018295980556213
2.960058685504037,4.354614141210058
3.789780713126944,4.03262413543622
3.5595795864848814,4.123526289287194
3.087678332440479,3.879319446602949
2.981798021268323,4.040355396717865
4.408460726870644,4.344336586853224
4.046597298288537,4.526319568262752
4.361052736538666,4.688060419529691
4.83443450228118,4.409631397570135
3.0862837820338025,4.743410435968841
2.818990878496474,3.9711160035232402
4.035298441590252,4.598897914765626
3.59736317721498,4.443235023646842
3.7770613824364663,3.7526240570281297
4.051856057404849,4.473688212530201
2.760760819589251,4.5013239885189655
4.377681203976088,4.4398587714041025
3.80021742455217,4.776562332146177
4.242422605165201,3.669204715494254
3.654931740781713,4.384701538989908
4.120431285373162,4.132058036073718
2.9773750677229605,3.8554406461977715
3.027849016082492,4.302506147466353
3.828275866426872,4.225789733638963
3.902937010280058,3.9304988832743573
3.3084353515241416,4.4198836625236835
8.596481215439999,4.472374731488861
7.902042829689034,4.271031641071635
2.806070792652996,3.889071653293555
7.693746427319295,3.912409877957498
2.690797801919293,5.094950692646874
4.32805784088941,4.604326130139536
4.742566842153027,4.794677654947265
7.820636552486179,4.282518309114518
2.675139348924072,3.749414369697726
3.6907992537440304,3.465951449728763
3.034520359875395,4.723984993487114
2.767060398273883,4.034807184297015
4.757366751015979,3.8645523338933616
3.6570804186699406,3.884612764745015
3.4742924354320888,4.695552421682664
3.485662794627591,4.417297802835879
4.922147977927469,3.1760249414163204
8.102329757964721,3.80511292273689
3.3631103734780083,3.9776485230894565
2.743264512456221,5.020257982966081
3.8222900618134097,4.13533213492763
8.237937537800887,4.064368034561917
3.7588010188329104,4.160580138764189
4.544373978223648,4.271582509452125
4.14967572895666,3.9905959023928568
3.2602277090849454,4.525267771389973
4.260467424488198,4.668112685933999
8.083391463624999,4.124542678616317
3.6137689002761855,3.6823094495153885
4.0027304895271545,4.41608948591771
4.978611070498241,4.456125475597646
4.290225556789541,4.839474962456327
2.7531717724974154,4.062885980890314
3.1521378001931244,4.266342127839199
4.45520007220161,3.446566102158864
3.7992914286287336,4.485907756441458
3.210211199133165,4.76078779180294
3.8879533202804537,4.724007285383968
2.17309535635852,3.8369688971242875
3.4387925945369378,4.156203620624208
4.095724860452837,3.9464185929415256
4.520584408682584,3.930317248235215
2.066579561893445,4.31291024998457
3.176098754394456,4.0422865327147575
3.2076154986755294,4.421988614879179
4.656936180817696,3.977330396664474
3.5597507855020374,4.1562948199438186
4.007715462268352,4.357777542879631
4.255402725440894,4.6273899152888776
6.913392054573491,3.603124766608849
2.655679814393137,4.536015730178487
3.7489557674714855,4.447589381266794
2.918040293357276,4.537614920251861
3.924421471800052,3.587258763452068
4.661699744594291,4.646853085431295
4.163675776674507,4.6971800479466035
4.004592691790584,3.726940857457844
1.840241739668902,4.0724672164942115
4.358720219317646,4.767191272536661
2.9808595073910213,5.0451134033046285
3.344644758917799,3.95927554709939
3.717463942362897,4.498283971399166
3.9364082258967943,4.091287829519678
8.910220146371653,5.104156968372471
2.649426035869493,4.311992936432165
2.5970887966738805,3.692294202315318
2.8137942354690706,4.720330983040305
3.194704605927692,3.9872126009567483
2.9293297209739597,3.9741802387415563
3.876293493874978,5.228013773497213
8.083858456638914,4.039151474997203
1.4250381933510246,4.186823077745229
3.953336443192063,3.2739506947354244
2.289824210782617,4.191036971521932
3.4763841017255084,4.109375787278924
3.1411849193657315,3.945973610599063
3.828981156087014,3.996516810595589
3.622942377067143,3.6886189869489883
4.931511989485418,4.69141708521188
3.5605817697246933,4.229933419552583
2.5487810547223786,5.01019913199473
7.382542819937172,3.787609129844297
8.442804916947775,4.210996263499705
3.482750723115662,4.596825079462084
3.346108762199775,3.714547874662268
2.8163479946651795,4.325469474096837
8.567158511382745,4.035867627938419
2.8481924516471637,3.829537243910356
3.780958515213592,4.060579045714743
4.690480219308121,4.83507538947638
8.718810970703675,4.109810058948201
5.212375871269401,4.065650832321993
4.373770695297832,4.47478456799834
4.770744226212311,4.101382310442661
4.128198943028607,4.350023589932694
8.53560311086956,4.9395126077616585
4.458980932766849,5.792371426122866
2.591743213307391,3.828033707025128
3.2366678247784373,3.9432961895179526
3.404259127988941,4.049810451148618
2.9864311241671238,4.377170179147775
2.604792495440062,4.318382040376972
8.067288934089627,4.067891788721493
2.6895118091628047,3.9456613958350375
4.023776153645077,3.8529092561097333
3.698503104539125,4.052004264326728
2.3911054004926737,4.426063371498091
2.4997231844298504,3.7839215930477756
3.5521274979834887,4.399766472044873
7.410997617301965,4.005470525909085
4.684646750032177,4.66358795744878
2.537247921577786,3.7986390593890906
3.779460782640777,4.313553064757188
3.0351852730131537,4.0990630839348725
7.335428077879851,3.178865992754451
4.291754015438724,4.609828698465115
3.570341066990968,4.29707618921786
4.006578616785855,4.921075551881367
4.228931157937678,4.403807288328415
8.368176363993097,4.288685108982843
4.553730704222794,3.785832818913518
3.0427098353013804,3.6943674481740683
7.046233928976635,4.58462477466218
3.88655274632142,4.5019202008426555
7.524268929137985,4.654223849501456
1.7727017447902993,4.537787642996014
4.822158166366339,4.190677365685838
3.91600250729034,4.7231997419640415
3.1817498454293887,4.6771678140676745
4.264798413297349,4.445068273671937
3.460130626414798,3.937055407850634
5.1974477253580815,4.126257660738994
8.61072077075413,4.768420926743577
8.957669276304458,4.325623813631905
3.6093875827077673,4.463544862637513
3.5413366720114894,4.072857897539609
3.587081327920814,4.1511837024838325
3.636701221730835,3.8946182758158203
4.051371391744501,4.086698691660203
2.4252766811461286,4.958025326792705
7.915216241117818,4.493625842531747
4.579483401787183,4.991906193333128
3.9989434919946,4.396115698281845
4.785640531470385,3.599113616928398
4.517175879801116,4.456904145367351
4.523653260019875,4.171797312835434
1.769843592061567,4.9623224641234795
3.04590002891562,4.3502588134896305
2.4481202694633315,4.3345153684665485
3.8452170589661536,3.718177244909659
2.105671120539487,4.334023402158085
4.617249801185681,4.4881068428724245
5.030345328629592,4.681657873973882
3.86670594697115,4.711617746030111
3.1948140948527657,4.304907815086886
7.838611463230002,4.6247522664696445
4.221754642682419,4.079798419807081
5.045059583600788,4.951259146625778
5.086206053924978,4.674200315598613
4.255868005111116,4.170379568201167
