y_true,y_pred_knn
4.156159470980874,3.829192571770406
7.669488810005953,4.943308687731332
4.377085397988612,4.830640508117656
7.725187040447856,5.2952460699520785
2.328827325342448,4.046583412710767
4.160928698824248,4.493992595868001
2.3644039085644293,4.665362290728372
3.64601125472204,4.491473679358051
4.147980323223997,4.014620326084308
2.663251702527841,3.280113433867604
4.227444134464695,4.446064831879123
8.82626277838053,4.261398951429533
3.476157691081956,4.474988511508913
8.148412602218528,4.522982518917372
2.462829613367544,3.8527110506922457
4.923146219860947,4.174640686628272
4.615583428170217,4.7665145707803775
2.124825669866094,3.708248948678842
4.377106679853653,3.920289060275364
3.82959034296564,3.968553457720548
2.793282424165251,3.79095973214613
3.224157589855408,4.129017278759665
2.9627578039793843,3.8190279409414565
4.115567533407344,3.9780523793100686
3.1778314281319613,3.9758691858051898
3.1738775304483053,4.111801774971088
3.3508039476693554,3.9340239860483166
4.014335270483604,4.543414078681257
1.5426934180037015,3.6477017865744714
4.014917162672242,4.142999583191301
4.518165006567142,4.996665910040719
2.6967471376273693,4.748948307358908
2.188210912932927,3.7371861219132025
8.379223318582522,3.8077045977762958
2.8170943517886173,3.464075696726606
3.114237816880981,4.369510962555508
8.434543176675419,3.785551640442518
3.553116004635501,4.26903893174827
2.805262095421091,4.795094827516216
2.862245267946631,4.170595782772064
4.373599976315504,4.104463703439311
2.324874700854497,3.952390497263824
2.71985079647459,3.695453188234038
1.4160269824540592,3.728926561961498
2.728611187359632,4.161347310868373
3.0170341165279977,3.907983591813064
4.39321080227231,4.001960740339495
2.4111461598495127,4.673128372680121
3.992688610444578,3.8246951502040765
1.5798337486920015,4.030717947501848
7.968504010627037,3.7149996830339815
3.4764241254389714,4.568927116961537
4.148923647805962,5.039270551384045
3.2871662674310125,3.664276611809157
4.270291385397214,4.784363614015801
7.681897204978967,3.9102769852867723
3.399217719754453,4.693897422875102
4.085690748074782,4.4914625993004815
4.176821521277095,4.459869728271499
8.095864694900097,4.644491526078661
1.7036949367647392,3.683402290015063
2.23542691495238,3.7414392032504415
3.17025440110458,3.8762279200210763
3.2700170100644907,4.629494330907615
3.270710090893933,3.9093292290291144
3.054241089954604,4.65354839577084
5.404198371715729,4.057086621338733
8.383713446847642,4.643505821082776
9.272000906158896,4.482711200725817
3.685597840009793,4.8757013713838875
2.8871340022814924,4.596012097671682
8.649156224468623,3.9448163113656824
4.198326586980583,3.689719951149318
2.9184142468665724,4.1842613685648065
3.0515883667658383,4.584895218715124
3.7463762273989936,4.553938592355636
4.462807158017911,3.4753299781064855
4.495683853881019,4.50110010212394
7.932883026123567,4.7261601489090594
1.903098635479446,3.783785722529823
3.1626605054464267,3.909267777119673
4.876076439074143,4.562165366596135
7.456797002731956,3.974317043195579
3.106373563514423,4.353785237398874
3.909760476085336,4.128080348041703
1.99974601847952,4.8415390563188305
8.489101165120315,3.908438607553549
3.764983231204527,3.8828255486758003
1.8118684913776375,3.922087372365327
2.5311066774257878,4.694860195488257
2.3138954167252206,4.2033312928031785
4.472020930000809,4.191444543499732
7.052570655421537,4.114408614316602
4.111646868276282,4.123504430806394
2.915026871275469,3.8652024367283584
4.957999296149287,4.16815492658519
3.8878662851483656,4.403946897266328
4.995527654820082,4.268267491472773
2.2668881797305427,4.3184317479470575
5.012885907793314,4.256969561269657
7.1001298220798335,4.413546820659015
3.514031670759925,4.045771272285368
8.95203553642607,5.223446832896233
3.018587575224719,4.027158753489952
3.046232965105076,4.4939442459758725
4.213268051086749,3.8610800275912176
3.360767753778561,3.8493304859410804
4.114153722523643,3.8148860786846095
3.5017020002186614,4.748896528453564
4.411129133870366,4.320332315225492
4.042147280807731,3.9842382974735813
4.270003867765131,3.8450240835801437
4.224126101451228,4.397891278885733
3.7796863651485113,3.842977542212107
2.929322229176188,4.145354666490561
3.4857328335951663,4.584443512764761
3.438869137971889,4.3792533262933215
2.916632881010835,3.6749636591879855
4.103886209375858,4.386902276975356
3.3766712555843883,4.302821002328412
8.541201560849615,4.583564068462199
9.039304207824404,3.9060807171320997
2.6338008851902344,4.537508900150546
3.100718197125733,4.651195138331618
4.133560364570757,4.574432266412869
8.975086182445981,4.446321061196141
2.237239656074513,4.205222247878936
2.827742652376012,4.518867010258332
7.026887723436294,3.851985793279973
5.004407964398696,4.408307287417519
8.640650491571996,4.953846709969865
3.283986878035999,4.589507402553984
4.355225885726557,3.897819550232521
4.275829087149264,4.262800703800723
2.933616319811642,5.342002613963807
3.7069669533394394,4.305464705839993
3.971156974110322,4.628555274365348
3.18909000322922,4.409926534761659
3.349409808289362,4.4487559165773405
2.496538086998973,3.7392369851947547
2.1475911630529883,3.9382280908483187
2.015562049410386,4.15096702797455
3.524829398867638,4.110391763688163
8.372392402005543,4.262174268179589
4.276897074369568,4.630699531430208
4.377162379455652,4.767501199683679
3.5705234650718287,4.686337048733312
2.5684109289175887,4.699867597264894
3.457534113281536,4.078421955610298
3.2606545644239757,4.324855731965864
4.058249371232274,5.054820726809721
2.84824786995285,4.540324457599705
2.6425035017996903,4.127343231400301
8.31314088811888,4.290905881909071
3.546960715016171,4.375578662369831
2.9202904053544945,4.456614706097868
3.5847179801918942,4.720828311445038
2.4422860729644613,5.360441834040527
3.442749266373943,3.213465153323502
7.810151134167169,4.345277205094017
2.947786973947963,3.788101019983124
2.627611665924636,4.379913440447824
3.451760072924529,4.384755070979923
2.883151442853967,3.7928468915601674
2.627003350884925,4.232081899588002
3.964626863019161,4.878666231755318
4.7566515781716925,4.466521431611282
3.407364541035046,4.837126103155659
3.07359061361948,4.904491200472342
3.1191180035997115,4.242540230314154
3.5301102892271343,4.628338338123573
4.433156577244519,4.260785801617823
6.984018261725375,4.020217175691838
3.2865211214383434,4.834065757833757
3.706498350516835,4.469771156614213
4.859640850395044,4.441357947999214
2.296880629978077,3.4180004115340354
3.2949235794156966,3.834038821539432
5.290912335833228,3.8494090452326724
4.026224346578402,4.803070529955336
4.502229477489858,4.708271895119265
2.789416390177316,3.6760591225683688
1.880096390880988,3.801869087679017
2.896806636963067,4.677218783285823
3.350806596381852,4.049602495209787
8.374173697869285,4.715994794672028
2.552206903260355,4.793820353984022
4.5874764298875,4.221342821162967
2.606998576779349,4.140101774053476
3.1088567321186096,4.800282408890519
3.3956435157315408,4.478331342710554
4.085526374740522,3.690772321353369
3.4946181336017768,3.706370972042106
7.562121814408615,4.383106126410705
4.725351762355272,4.109981078935446
3.166440914536488,4.287707525026559
2.7652564785230638,5.04993731031955
2.255409155074856,3.935084554089524
3.416254656053665,4.17791924058428
4.682440015876127,3.963247840364999
4.271038249921707,4.034479308077987
3.6183215196421337,4.529614586485684
4.027834560715468,3.3897177019073346
3.30111895960473,4.353728337686251
8.317672304950024,3.889686103358116
2.740500124420804,4.645511284111636
7.762091015386654,5.267878149969872
2.242747957917531,3.6202787967736763
4.244268368488898,5.257985370809148
5.189608106337969,3.7020182585098254
4.284142479056796,4.632982031335821
4.516333666321007,4.0531377263044845
3.615874598508784,3.9695035979198883
3.2002989995843034,4.610577873131142
3.89319948482839,4.946470640600836
3.0306112803764598,4.385921164766142
3.0556099046920786,3.853523521266265
3.9317432587972942,3.824730379733518
7.9517503042102,4.225121194937175
3.4312097496047245,4.052201436268792
3.5280894587165843,3.674914295092289
3.0475226202647594,4.670713858751773
8.643418513140691,4.191834931009998
3.261585216376491,4.635201217221929
4.674897256407549,2.9927545830597446
2.444248959560177,3.8836444806974466
3.776649376371916,4.773137832180664
3.3236499458917863,3.983137303235652
2.147705342063673,3.4515889853573403
3.258329658642709,4.612505057498234
3.1568270108070653,3.444657215096488
3.369620890335349,4.362279108017243
9.090431536092629,4.620941283537644
2.015729696872278,3.3809619785221097
4.445377562766854,4.704867126194583
3.339644278806613,3.298670903487851
4.2742996972914336,3.8537619524484987
7.239880986127254,4.181134379296983
8.527007660001203,3.97926076751628
8.192729802588008,3.6444830273942688
3.7941571750582153,4.122660938960231
3.4346609291595764,3.9893416298913915
8.415960307034597,4.3169194759807885
3.57141073003666,4.108943371970056
4.401746658662714,4.2794161369782255
3.584990892129282,3.8854665137828
8.419180706493949,5.323929818967194
3.363327105670899,5.081475497645932
4.201986800730542,4.178520243465998
3.179781164007248,3.8138722284816358
3.192116507011749,4.1581270191034765
3.653287661217664,3.296169556916735
2.957166198941352,3.6632686528799008
3.9591124812651617,4.561295519269011
8.639259640798665,3.790918779488356
1.8216829951677325,3.9550750898223677
2.6622322962163176,3.1241436248023726
2.7042854407832912,4.620611809063474
3.0679653358842502,4.6681426985093895
7.12516240989447,4.268607955039707
5.183789400283411,4.414738813693792
7.934719964092616,3.9341031627330163
2.0168422676132023,4.376194233560583
8.081565934126697,4.2984203257587845
3.028525625752198,4.648624072637775
4.041328042476841,4.372347255870721
4.402344545115318,4.089372854006792
3.571821376734617,4.172520461286508
2.649861942528314,4.750031189415568
3.034790848598557,4.679050482747558
3.61479597531215,4.240619024225617
5.339906835471943,4.605983598516989
8.681432185211495,4.0102504659318265
3.563291709551224,4.884432805855923
2.18060105858226,3.900933924875975
3.456696719617553,4.060427848134681
4.139244366590801,4.209968370898585
3.602401946406033,3.9655379839544556
4.388958486758384,3.72871676953503
3.350737646722405,3.364101219562266
8.234602422197597,4.643715022896707
1.9770970152962888,4.1439109000913525
3.686734620736581,3.852208829757436
2.748760893699847,4.275842707596284
3.796785667770618,4.885602966028544
4.009218699217158,3.9435213532464948
8.683668609410224,4.2005867079894665
3.4807439868864885,4.200895673374159
3.294828230676125,4.486100058723746
3.037508133076007,4.098803852054987
7.606990785503375,3.879552333660019
3.063986276462414,3.9787380905467393
3.270215253933961,3.7630628805738255
2.3216650843356144,4.196800148124562
4.459711968781987,3.8109882064225467
5.259226581702365,4.698262831389663
3.932375061392264,4.704952386644431
8.341485133269824,4.361940547971775
3.9743757295149096,4.88055464252236
7.55012583135819,4.283958869113937
2.809621483023847,4.513850955355285
2.7425440000950823,5.1722502008190485
4.444455315215947,4.151164029306928
3.332906083935732,3.3019249418086396
3.43629002019976,3.912275413712191
3.569954273765307,4.268304604869066
2.844510029868235,4.843402310827176
4.339691996320798,5.311761833313888
2.982178013146989,4.085777254693066
3.181154813795549,3.6624594025149446
3.7580886024200657,4.112738182912149
2.5202985439619905,3.9904761268143756
2.341846556853424,4.202822883896551
1.5899480731244908,3.4335991205244105
8.559399090944405,4.402076684330862
3.3914196859654497,4.0679995072934405
4.253571223667309,4.677628323442737
3.2450307913500493,3.750537974345138
3.62413400210826,4.482960525528494
3.186907043860772,4.106431566755019
2.9642072903571037,4.071893060613948
3.3720573546147445,3.65669119938818
5.139035938204593,4.348068768940327
3.649165014361136,4.131742670450303
3.5947236343163858,3.318972989813279
4.355230858848053,5.305454505676379
4.55739431183804,4.915368251668439
3.811190381629847,4.054980838735188
8.922260463969831,4.8377679490280165
3.423742350347677,4.005843107270153
4.589376116037222,4.123523664878554
7.525809121971346,4.589412983793963
4.464175183904061,4.432358687321662
2.4283514504317827,4.530584778290156
2.601709736218528,3.9185435548853595
1.8842372393759708,3.6009416520715343
2.4857963526749742,3.5455059485540223
8.499461832663656,3.8802463392733584
3.258113712804149,4.496101837182304
7.508664848713235,3.7023041081619077
3.858797627602697,4.452537045544666
4.37860804198393,4.290658488854554
4.332376841496481,4.4147624924394
3.5334254377863665,4.4433003532283735
2.0189384448750523,4.340273349859281
7.202872252619494,3.6072756844842666
2.7524073368219417,4.041196592247241
4.481052329703799,4.646868944128239
3.756042018370197,5.3082619962947835
4.194323753890495,4.374190507747683
8.369593736274117,4.968577019754518
8.743695048148517,4.1882503569173855
3.083442793643683,4.512876426942981
2.3010698804902825,4.264377511172985
2.5599466738444066,5.53288897545738
5.033845834551896,4.619844678690254
3.140197898705526,3.8275780289487282
3.358353365268404,4.446105508915081
7.8095735714661725,3.6588161425853616
6.0442792300772,3.977898933360856
4.802850571709711,4.175598737931456
2.248443258396535,4.306373186859127
4.892482277565978,4.700405025239304
4.472994149722875,3.6980122406573406
4.735364960316739,4.38684701909378
2.120496657891377,5.514018702338199
4.782560187390686,3.880169177476003
3.2648993885764304,5.386663468856705
4.529992238476071,4.28439859721776
3.864509835922613,4.45523040436834
3.143540905096986,4.690612485072011
7.870734917036684,3.954353982634415
2.988136925242076,4.9180504898102795
3.385982474069736,4.144841641754168
7.712103232753218,4.394437877757935
4.035162505316468,4.475044586136802
2.6474992590397037,4.267509975292071
4.679199214255803,3.797705500606739
2.594111194040051,4.127628450229947
7.176948441282688,4.318364412238559
3.591520178407812,4.063377242054734
8.821177221386233,4.875574675877518
2.7269633640528603,4.357594515484782
2.2069138387991183,3.994497718285749
5.078612329119365,3.750479155293957
3.4467112072121635,3.785324225832219
7.865772056469421,4.621511132731102
4.069243918496711,4.3777875412331255
3.895653666812629,3.521101366190458
4.5713710854631975,4.718854885989648
2.8202205551349464,4.272645734858678
3.862264656258576,3.993072396602481
8.280591533461156,4.0699613862909665
4.779202408237592,4.49193661098906
3.055728243732809,5.234165841083898
5.176215109104361,3.5199312341031184
4.833986436660526,4.4839403675353156
8.791657687621907,4.910871939638684
2.775617663383599,4.3389161265892
3.083254961891703,4.1973257702129585
3.8516586322474407,3.7516771302702563
3.1144499175537423,3.994095576583473
4.990080606410229,4.173692784881701
9.246466883531085,4.6214948570724586
4.689240058841999,4.074100661923471
4.435516055891827,4.356016838300033
3.444902549358738,4.072880481198791
2.490299277177745,3.6190858185139376
3.5081928400078364,3.6650529705197825
2.508839721562285,4.6012645324883605
2.94034741520332,4.961945154298044
3.484687252996337,4.902662770659867
2.393679418193764,5.156826597660518
3.888737169759095,4.390136582487573
8.815128209053215,4.156600483122046
3.03979688244722,4.124636743525251
3.986439937904567,4.338316158889951
3.580017409406525,4.411983486897831
2.4275250194545483,3.7949623389495017
6.953223918683854,3.989612818899731
2.5498073930988814,3.8382612399011555
2.9819839573753,5.005274486495563
1.928443743502292,3.9753306093687697
7.513567018089431,3.1830429276358685
8.649725434900372,4.342500405950953
7.157738549400987,3.633201391093248
3.6637362988162967,4.57123100616534
3.924875533675188,4.362366968881238
4.727512047194471,3.696403703581697
2.6892914768937928,4.3130832965359405
2.8280874046763325,3.718102954144438
3.5565713490831308,3.7923556384309145
2.848618782189009,4.078090007650858
4.564634964626344,4.524838583712292
2.8190467076123467,4.377386852063653
2.770435175572492,3.768950385919376
7.128143480836838,4.322415405597461
3.3372330720763506,3.881962891471667
8.156664668129983,5.67319736520313
2.315341932929665,4.15799705675908
3.77867819204529,4.087819303060662
4.447116637331481,4.728748207941537
3.2215738287641003,4.576697377471504
7.733701697313946,4.380437007482048
2.8054582564402404,4.230766500108014
2.70364996500468,4.329469108048373
4.378713138246966,4.410869206486178
3.219971795501272,4.357531223303408
3.216369367709901,4.82231131853837
4.505563329781629,4.809037580861032
2.482500143344775,4.058582275515271
2.6350908270521005,4.194234385365785
3.2395503458758914,4.207545617473672
5.110286466494204,4.546920989795737
4.497021994857391,4.393959973133865
4.352930130606152,4.012224850263059
3.4134463068207213,3.997923524529004
2.8069048575729254,4.183294568113192
8.547367154881657,3.6535647594017875
3.072520912348648,4.167522522534689
3.0415305545382005,4.383971129361781
2.6812178551064827,4.491479347677766
4.5265423682230335,3.92479313748044
1.9862344924565551,3.9578853625292565
3.137271637734887,3.947504176216299
2.5666006843146927,4.836976272768328
4.301745427341992,4.742439078713609
4.623423742370681,3.7607646108158757
4.269487699475338,4.536430427543371
4.448142483572837,4.830758425516829
2.4115937897039355,4.063867050911625
3.821972559269856,3.7889428346150784
4.035015514020649,4.310041062506871
4.522042075343942,4.6299246649592005
4.656409289327002,4.1721858297628325
2.4652708331383373,4.316081467611827
3.5890377610587425,4.087509030855107
4.467069008135049,4.365000064103861
2.931891575436314,4.666401941234272
3.321322082495114,4.162201154106978
3.096712687282518,3.9061068132339694
2.8943476794250307,4.303475752563549
2.764880373963378,4.071413479185677
4.079752245444682,3.8962942549623008
3.326734565336194,4.304775870105857
3.53281597033936,4.271917690482143
3.216885213894097,4.4868545602807455
3.0062950947837788,4.218392369618399
2.915636047924902,4.752806276413321
8.421869647591231,4.215157252572416
4.200892368359591,4.2159492386544315
7.740915760012083,3.9737528573657634
3.204237948490447,4.22249005997722
3.7159881379716175,4.759605927652879
2.6860131814074952,3.8706182463419156
3.7759185825383534,4.9501194316039445
3.207467941834692,4.3712582387484265
4.672786660174193,5.1914777781176955
7.180181474885428,4.015467264003407
2.3453653737965743,4.122066686980257
3.643035843307044,3.96421671204241
4.253397289053119,4.789244232055847
3.648870145026068,4.661732286661312
3.6844279230009382,3.741219450397131
3.103147338747744,4.494657787976129
2.8809350188218152,3.651218785780393
2.654106130629917,4.345907472071477
4.126481514430585,4.206142516971589
4.069673855189427,3.5967419941042147
4.66952536373842,4.650013254561371
3.3787301575152724,3.9252582823004643
4.715180982850617,3.679628850340362
4.810956415134728,4.871588987080387
2.857670573690809,4.865839655743659
3.193987908870431,3.2618801973132374
3.6692568803440624,4.508458735073568
8.043569584135579,4.69797299118345
3.13973423733004,3.482338916011552
4.089708930729694,3.7708865471244724
2.919163199901086,4.2780661042309465
2.786420275091678,3.8462991320550604
2.4441634578988496,3.683646960619383
4.28010567689635,3.6399192773908995
3.154441922900222,3.5558494833728336
3.522778271361857,4.140929472006821
4.2701794316985815,4.914326736637553
4.927272534639924,5.1491807999077945
2.958680900278761,4.129752199719557
2.0225084003763385,3.8053741647287405
2.8272033497006084,4.154114887361291
3.795587013451328,4.150899542164028
3.354312711877785,3.9250972055320013
3.201480738619202,4.6015603207229105
4.154991782250749,4.9179506149352745
8.49029252085648,4.1495890773183115
3.4063656906740403,4.2990408682196755
8.071813160252349,3.8860753792103773
5.112804985823556,4.677812402119185
3.1849695012068557,4.4647546517330845
3.4027500268177766,4.352373396345715
6.4905131670233525,3.448577352329189
5.435856940213808,4.793842602230897
4.494002164695605,4.531824417159442
4.210023471783648,3.5094531686789856
8.929585767776487,4.654846870128027
3.998663154377947,4.08980226574154
3.380902709468392,4.000242479176964
4.533567263893095,4.025707950064604
2.980912506515159,3.799180304908723
2.979237091626405,3.6841391195234845
2.00066845959009,3.587519723337744
3.10211940846113,4.127703016942541
3.45768961149219,5.9408995951739385
3.634024988676161,5.464923309945389
2.4928924860408914,4.696393492801505
3.823096587492925,4.122581380309186
4.135134236237214,4.672656238098497
2.1819660031604915,3.8299387608284614
4.801266766189018,4.250069465750345
8.184979171352273,3.9401665634971796
8.894704613540725,4.759312111363032
8.733983804065327,4.144007655440767
4.398895775098079,4.243814471067886
2.6917006375776045,4.292486126031768
3.16628830694155,4.086597454751952
7.870691508940534,4.066312957122753
2.489059395723001,3.865114472715782
3.9996722268514966,4.3176845969076
7.940236813457871,3.563953330980199
4.490089939354284,4.055041319384616
3.689700960433607,4.710475774666351
7.949250902918012,4.78473364525906
3.130889564822065,3.8438742370626917
3.9353669621324032,3.587118088100909
2.906487742928032,4.25673642051369
3.368147269607133,3.7484695587711525
4.262818650059762,3.914978730278771
4.7036022921697445,4.107575348059751
5.965588274216913,4.291863310752466
5.566812376137947,5.573872952176261
3.87926478497266,4.910134704077508
7.0352450133627,4.339967245436893
2.237292023028809,4.005818362760881
2.978271356194633,3.797526472153366
7.621058453234955,4.483594527869596
2.585843277323927,4.093124569175051
4.338998733583011,4.249967944286676
3.4664844054770065,4.239516172952145
3.6718058436181193,3.667367152683162
4.424622195795737,4.924421986156956
2.1222668802502502,4.774832897063778
2.948207998777293,3.5949164025301834
1.7625964587251466,4.203396717928579
3.5922628934555365,3.6737128885497325
7.521563582758553,3.8255639998980278
4.286406455233225,4.448353672880224
8.415631153437378,5.067478127756144
3.7615623478488383,3.6466639295737933
2.548466116401732,3.4068348092951597
2.9963734324722644,3.797886577077874
3.790300773001916,3.902663162934913
3.066312658796939,4.677937922823955
3.7797112647457487,4.256884556896379
3.5480703588751026,3.7936251352190893
3.3150178878815044,3.4598460476039654
8.234088596879781,4.059987899368535
3.3037443959265964,4.396510934091909
3.846401733544759,4.504136017467297
5.086429359251332,4.4747879395047185
4.549566749452121,5.4314001843896484
3.824406880118391,4.400027226535533
2.873006527801392,4.6119464997625315
4.122107512274679,4.752626777407336
2.0214385811628235,4.014200631465503
3.3176574933942278,4.202724862014638
9.75512647682032,4.105921324984225
3.2455951497286017,4.384258539682465
7.213063289624251,4.054818489092293
3.403030931034728,4.01008464315842
2.598374297800546,5.001070856815438
4.075650242593534,4.673916916891779
7.944648644641456,4.005472547729308
2.2058303532763235,4.647845294589355
2.1028730383070435,3.908842786999201
2.9422676003807893,4.389521380092405
3.1582027682167464,4.58891016204127
3.484083601366053,3.9103775824908023
3.3437889667272,3.448096519443981
4.6356132037285525,4.236605591154724
2.030151948511548,4.313207880103782
3.813968079400036,4.13124252222879
3.867749681138695,3.819351254610966
2.981900799944201,4.354509507082438
7.598685575307484,5.3310674098566135
2.558133560305036,3.50341028540573
3.697077853232444,3.404698906596627
2.8077378930565358,3.909821945187044
2.858518177006541,3.7814875903606358
4.342965917905511,4.302400820372683
2.471002054939541,5.3045119413176725
4.495984927117986,4.255389935960752
3.220311791570705,3.781725603328951
3.5232109935772837,4.651205846304508
3.3595731931931407,4.396748782093659
3.2736484140326185,4.073167631980793
4.417355656348414,4.934508299778111
5.090581933900566,4.582057670355308
3.3622808603287773,4.067122099124238
2.783394920817197,5.200854831415893
2.9004689849644025,3.714978037678153
6.433317575884139,4.396831023559795
4.92677371341471,5.573476721638418
4.076875238772319,4.480238643233369
3.395563658181521,4.622021319551338
4.182612336259973,5.76957008165659
4.70363474188445,4.374156173879347
3.013609406394399,3.6772696437313863
7.315920933138193,4.624770186953189
3.3852811899147395,4.299155743475947
3.900896968812828,4.0306649591256996
3.1002031249638344,4.275554880223809
2.241322857624262,3.8233554335236155
2.9561403425249457,3.3624613239026426
1.8317433830049148,3.950201974352339
4.0874845617400295,3.995502661195771
1.4663069700752236,3.916265992047952
4.046573421318445,4.260259818623321
3.663025677448129,4.435400254696252
5.107741004976953,3.8294884558275206
3.991535398753105,4.454398809879359
3.465919765533573,3.738318180539198
2.44916960236593,4.186220778244076
4.128468764140547,4.151574885630794
3.0766771100633643,4.133487455088327
7.640415255345276,4.428426680231849
3.0427282974231127,4.297178155059499
3.4795549891191,4.132797479211392
3.3286182828972275,4.691148550299592
2.2866112342312666,3.668129321354924
2.6137450963958395,4.371816105394123
7.676655205614342,3.6890251111949333
3.598728070522321,4.184034099184849
8.229266372584014,4.994367652868481
7.989539638491946,4.441217444913351
2.6416808688939444,3.5115014464419367
3.1523723899519727,4.1031670058012155
4.847107809589917,4.88464855707516
3.81879914434692,4.431814294190708
3.746154583658752,3.760798929531479
4.55154797727768,4.53179655268692
1.5474280481240146,2.982756998022153
8.509275673487837,4.008571039140171
1.998234025044201,3.5220769767491853
4.114315395408202,3.661353915374293
3.001534982771417,3.7623201177663566
4.330066666034065,4.713498963778822
2.615402542273223,4.217785717783762
4.300703431429281,4.197164583928649
7.904941586100234,4.1760622793836895
3.4122843933648266,3.957774387727949
2.4496662648027083,3.857078517563269
2.4919877176825773,4.988382051733862
3.8121862164148874,4.181217466204716
3.897519662590989,4.053183782574273
3.3107608860367783,4.909405995735145
8.184843245740604,4.124872457868948
2.1211135303373734,4.552803985708819
2.9128606499146823,4.052216050907655
4.801720551030464,4.946528636376017
4.057870005159186,4.106678742637378
9.494647101374415,4.8868475891291885
4.018257394099773,3.8578145385333715
2.46017632334123,4.954501801392114
2.2829902550426864,4.424415083619089
3.979162795720986,3.8967259355802972
7.490272767365593,4.677264535387028
2.263320703206736,3.885266906444419
3.557229140326104,5.318798198899048
8.110078287356075,3.586024060248478
4.3326194876057205,3.464787187895427
4.013581310367313,4.6312594268567935
2.671785752683107,3.4659713377490546
3.2904197044102186,3.5195228747708596
2.572125987965654,3.7202330988997483
7.537794631669876,3.9057416047280897
4.81326281920844,3.694484423222123
4.236686531625272,4.597928210164954
8.22076184873652,4.795601454941281
2.351099326721335,3.750528451250923
2.795250912626733,3.899150830179526
4.83630583274007,5.068200716925979
8.507608299700813,4.015363135320534
3.574272381174044,4.752431514064598
3.9419880474328095,4.186908288715979
3.962634479127567,4.13952645833077
3.821103428396992,3.96111294196929
7.66721809368842,4.3496091099585055
3.817115533923373,4.163211442672103
2.8037816025936086,4.347398820775377
4.492266830227238,4.6473566457940585
2.3375359746235937,4.458108097025916
2.7952527784023955,4.970872225310176
3.157208579461329,4.699054057360262
2.598467155820217,3.7363333957014015
3.8520296540278185,5.107882044370339
3.407156752891971,3.9709052663754263
3.11416765744731,4.855223328625804
2.196740921791952,4.485030557682696
3.391103843532828,4.153122057109103
3.74049912847994,4.505206975838144
3.253284539736116,4.0482277873152475
2.782237478578109,3.880300278936648
4.035077467200598,4.999556870380836
3.941754017155121,4.768176104313441
7.233384120728949,3.431489743388506
3.8106955606577615,4.660957647195444
4.647344244542836,3.6300099201306004
5.261230825261788,4.335519599586583
3.915464643718323,4.4443085409225365
5.136604542709176,4.124635186130409
3.753216671063552,3.5795983212684064
2.6030424141611865,4.474511673277972
4.742961454799515,4.06651905812155
8.74120214239508,4.431520623757438
4.03713145398162,4.883526480774741
4.36918398640744,4.370891760131728
3.132420219230863,4.424331267254346
5.047617121876292,4.382526856118477
8.488704234416893,4.00736706689431
4.1865709311371,4.456683300058702
2.6349921699833576,3.99907005315419
1.8386938137731608,3.5537602313558985
3.802176580025175,4.398655237539126
2.576014961163275,3.8278603721260063
3.650925035833668,4.3746589047868385
4.465748979661267,5.121141741629782
3.341541846481809,4.7197165774481595
3.2492789928416954,4.210018595918825
4.79416783372651,3.731737076967074
3.849401113224445,4.950743791480068
2.1087847784416844,3.8233442887335927
4.428844052207937,4.723885120440476
4.30464071196826,4.534830398523817
8.285257877580134,4.069399972539294
3.5250472989414217,3.590267681776116
3.7176274742835895,4.228229993232936
4.010977375451682,4.426869154665658
3.7038129168434537,5.024990624962461
3.243436906355285,4.332682518243421
3.2699296567695075,4.664380497226933
3.743006027285139,4.091089382664496
5.8695505238847,4.4976498363419655
3.5468163367861947,3.8775789320653162
3.823451835800904,5.203629753679837
7.01324888571357,4.600432531066658
3.782616427140877,3.6373208956135294
5.1174440975775095,3.8974661484534066
4.400968301092291,5.376346614866684
2.857789597061123,5.132958856586096
4.109501826237016,4.0754095818199545
5.2171118758439405,4.893625587009797
3.017041138496718,3.253652745081377
2.231818106699047,3.6619601556590338
2.655186161687868,3.9310964949182567
3.251009790642238,4.031262067623773
4.284988782769994,4.821921272042699
2.799790744911563,4.3138738906803695
3.861498872991684,4.468347396569574
2.842366084221038,4.084459570619118
3.236495535156113,3.825792464590415
4.278161408040227,4.648271524849729
8.564757069464049,4.243450171475625
4.326846033346085,3.891206492350367
8.13970797035172,4.595467229128841
2.940816825957681,3.886028771355483
2.449313420015039,3.4010506173609905
3.3868853246558466,3.772974203282896
3.9856512668308426,4.613147980638276
4.638116480011859,4.804105445661562
7.363665792242671,4.478126795407259
3.569633572181882,5.189724080132291
3.5567712770013924,4.230807585848765
2.8565425738252888,4.387561197478519
4.009980960136076,5.0796768457376755
4.000411193613498,4.4315468532376014
4.530124225074244,4.196382054898983
3.2396092660945293,3.9111808936620927
2.750453045817904,3.5247932451638877
2.376436533437163,3.859498326198986
2.410759940822583,4.529807338331806
4.669170185927063,4.586390203931704
1.8671208893299185,4.064659247127581
4.037848494287055,4.5440222446833936
7.65894747285654,4.1324505272306435
4.384011472392218,4.9588394550608585
3.642534467519729,4.706132120826785
4.222386576395476,3.9836176436255926
7.973071278645012,4.115874994039392
2.3063606122499687,3.6214615277740747
8.908213771003648,4.72716567450473
3.87577978602416,4.67424064598733
3.9736525768653888,3.8498718573742163
2.9609487225239293,4.705517739142037
3.712541481123429,5.070696176785875
3.5727100286747806,4.39056393731331
2.975008742375012,4.306610141251701
4.451942380812844,3.753974589085411
3.359493783384487,4.2175685758592305
3.0119406061916574,4.109925844479892
3.192283262859915,4.17817915386472
3.0502258731236496,4.714170429779974
3.08043196688992,4.180440657904615
2.7032931232777244,4.949206088617948
4.994688479814242,4.984306498322259
4.920910767839023,4.901873408581601
3.282856369398712,4.111349191008312
2.921704502129568,5.015274934656372
4.340457459630015,3.9719376216957794
3.5111147821062785,4.141983207153019
2.364416454002269,4.343694725343742
2.7852454299537603,4.0079262414796535
3.2803312446209114,4.756655251332762
7.788009884955315,4.404193669196335
2.2802707606129657,4.081440658414391
8.429193405293287,4.657487069219218
2.986655281801742,3.805646054367322
2.541757033792211,4.311072830979681
4.559925215745935,4.023304230392712
3.173778575757176,4.222345280272284
3.1366907045955994,4.912068415512685
3.8006216230169527,4.435858531802335
3.718547386069505,3.255805682964874
4.215796031009548,5.122721017914908
2.70314625288278,4.341253288246831
5.783313591734063,4.812667337394275
2.904876542063362,4.345688948410921
2.579296948343228,3.8051090750718766
2.8101096234303,4.9498509582550625
7.7489731602751535,4.989288319201659
3.9289581931835538,4.404352721420083
7.224435535058606,4.079490332355622
7.784013954994288,4.048564867195651
3.3455746039754666,3.7266778571197188
3.3069054720595084,3.548025230149091
3.909459667478707,4.238162954295963
4.338715303200068,4.2830942298360535
2.510412345281889,3.7735490091435273
7.463537934940532,3.5422241144508138
2.8145140728414373,4.146278851632327
3.603854310991272,4.272811807217051
3.2060608492007256,5.274982497257524
4.426575214066474,4.1596486430131066
2.9038764870808227,3.280820740245899
5.280459407219254,4.280348896381467
4.085214394820322,4.221824903113649
2.0475123389898124,4.04825525012545
1.7050150021166846,4.840027424922998
8.367386577961117,4.848572829693307
3.172732161106091,4.519452077290451
4.123530624807967,4.057072286215676
3.2639840721277613,3.812264918283551
7.772395834374063,3.644973111379695
3.71098889750007,5.289446793302248
3.6099418259827294,4.949845315895846
4.676259549617682,4.936771347793005
8.455240826945687,4.528199516611697
3.458989191335864,5.020755428591657
4.037520244139923,4.117524475666157
3.1255885907097904,4.228930176552949
3.05338059095598,4.2590369081922
5.527966336450268,4.620613235252865
3.1273984192959583,4.458612528346083
2.634335822550621,5.128699402501786
3.581169647315731,3.847625522777556
3.935125029687239,4.612418389250696
2.697916381706617,4.596562464349778
4.861973980752958,4.653927184203686
4.170937992864955,4.17856253963363
2.844809485697162,3.891960620481122
4.146507123652271,3.7395509811390477
4.634288831724525,4.5300582977365185
4.442737708464727,4.430434298276701
3.872093824368037,4.362932946539095
4.430963405855523,4.394254162756762
3.401667119391756,4.139448022442791
4.75855670917743,4.944118996304534
4.041514898288621,3.6241971998831355
5.293805361036818,4.413170267886794
5.1239638462333295,4.13288307851917
3.935311668160975,4.659039604515186
3.8546017368073073,4.681970947953144
3.6930856509912937,3.749685835157459
8.515392052141197,4.564185400179231
4.277102270629383,3.9747082285732853
3.8667901268064218,4.304538268846575
3.636306281758902,3.8361003128016606
2.8226743906532867,4.414107669241857
3.702731534834317,4.393272885979735
3.669397473315607,3.4921990885968306
3.0510962114049267,4.141000664494994
3.7707897724387247,4.1116946401589995
4.044975938518292,4.408827255531629
3.379277475536079,4.082293603936601
4.685968100642298,4.199164829600782
4.392968672746899,4.539812879211828
3.6534598319999816,3.859782962796776
4.192807151823289,4.685806473906299
4.069904210730484,5.163975838618977
4.088625202906229,4.174774997312788
3.779111052969261,4.711177175112217
7.97955490572761,4.393419618986877
2.2206053398073884,4.79317387178748
2.2261050536860223,4.585426720587289
2.9077338773209127,4.760886014236111
3.3585105547571192,4.808517777542251
9.028911404483868,4.61939456105727
1.6875259620228933,4.128135842021941
4.039092205094223,3.8255471017499407
8.453112574599214,4.705062299912934
3.4608906284101697,4.335195186537629
1.795120140114618,4.176869713251546
4.33736833373393,4.2875315149661235
2.8682449592678765,4.206583232241475
3.993007588890462,4.264201423613389
3.0984354063110278,4.911780736519071
3.7428770696790536,4.33579861856149
3.308090744111116,3.7222386770037263
3.85890583668993,4.43845023190823
3.000334827770008,4.46240580373374
3.8466042922408903,4.781136078395729
3.24246418807311,4.456120886339288
3.338420405053681,4.190379511764668
3.2606075241403456,4.6831742881487335
3.235906477360857,4.206162771358239
4.513169772292325,3.5671589726525674
3.792089254447373,4.465452100311471
8.573200401176587,4.419526737690785
3.90269290416892,3.708360956168739
6.926609068590317,3.7585789722719456
2.49176579832038,3.315840384452545
1.9912157868723463,3.921949733520045
4.116161672519544,4.826240871215156
2.9236311354210374,3.8830679710916614
4.014605672824006,3.845842911840564
3.3147080430720908,3.984454880248671
3.413978393945431,4.2567224760490685
4.457350783700494,4.838301481750526
4.344701721434766,4.411481553480116
4.472341056382104,4.357338630975709
3.1198843155658214,4.422480272197487
8.725940191252121,4.943178219123531
5.120460068022961,4.520166136662332
3.850295763318651,4.091561434256895
3.1522799441508886,4.733191227185629
4.392102460230974,4.598472495749437
8.387403390739815,3.730355845867095
3.558415815659124,4.3980589657398745
2.8382099131349974,3.7232112720227457
5.05633071848241,5.024584387736337
3.901612088016569,4.8245566942002895
7.824513178144282,4.39765612058364
3.848743098777157,3.554915746343644
2.057258800182744,4.807182674792871
3.209755249123223,4.270989841970806
7.660001539960625,4.833768557759321
3.840068301184501,4.1045093235871954
2.9545976213383387,4.496099996929118
8.514077342346523,4.074358430782074
2.5999135404486,3.736427940751727
4.826484726031562,4.779296650174274
2.218321745036957,4.260946267972651
7.885069809558818,3.9203323891745034
3.959389142498217,3.868707167577084
2.675403066102413,5.244989207018465
4.545835879492384,3.988439275203642
2.994174936661714,3.5059450154819802
3.565374583800138,3.936178836828264
4.170437111768637,3.678641769295024
2.763392348584348,4.136400289559431
4.304119728278515,4.343029202089495
5.259001171248158,5.1580029526490545
4.7697639705804,4.696412888567603
3.2795071121842607,3.71545286661614
7.421520522340925,4.171254164474642
3.778848370748392,4.311020735385776
3.2931887724918703,3.712271039565084
3.322432061502413,4.643671459316937
4.414240263775755,4.257608067363977
3.526512154119091,4.612850923027434
3.662789989652144,3.5982738446730544
2.9532923614683364,4.553614225175948
4.042150556134123,4.111453254029955
3.6381190362819096,4.959928638969264
3.503528581895135,4.240408493986362
3.527956138650468,4.583562910697959
3.061737676666619,4.103329574231958
8.23599643470526,4.091317844414788
8.14202903816262,4.44576325721914
4.276220614079463,4.180177880209396
2.8659550532950644,4.153958317113687
4.368734781562397,3.7965588306053184
3.716108066393616,4.114962777605053
4.876496685647826,4.19752028503368
5.814646400200865,4.961096674664735
3.956093611686213,4.42807976709699
4.65455061680547,3.858726739193115
8.787458275425024,4.067866526698098
8.27573952162175,4.486606605405764
3.248606781635293,4.520266966294076
3.5008542315157127,4.5299422009061425
4.155482822346067,5.010475481253964
4.447347757957827,3.862080271353268
3.624093634378412,4.523774999486371
2.453130884486181,3.730794779523587
3.4291490333766204,3.731251156325456
2.570354796349616,4.2784546850063725
3.546152816257711,3.6743423049685124
3.3083016161599077,4.118337481705534
4.054120767029207,5.304968723683219
3.0504694496390883,3.516311957369246
6.8843898196724505,4.7835641768159105
2.6700874231829363,4.850685660918409
8.208799047212278,5.04570024392268
7.8182749937959635,4.483329756679237
3.149795783240409,4.1591270265942555
4.791367642483673,3.4265682260079378
7.511899755220883,4.34703939822089
4.332936627208756,4.983554001332056
2.770697954119942,4.637899383443729
7.083687139987991,4.586831291045855
4.757529548297847,4.199991255804671
4.666951167752993,4.896554975288312
7.959494132844904,3.9366906987234955
2.235639205642633,3.890829183290632
2.8697754003931597,4.6972405541669815
4.3402180115366535,4.671096362306153
3.2498261211909054,3.833982771132799
6.815135644933174,4.271584899794973
3.834643566367893,4.013892592846996
2.578281021911621,4.102117088260068
3.233518558046496,4.4098317262167495
3.712979414840332,4.238348557838205
4.033226003309112,4.6232535597280275
4.2993048120176365,4.359509938461806
2.85266314064767,4.381171023136029
3.4690885514624625,4.0031531789706944
4.082201813824015,3.977126103519525
2.8240939241174803,3.9589326043886826
4.07344405414194,4.43799953022849
3.674789367354376,3.541732461768226
8.242589426723207,4.186864686541091
3.820909997098646,4.252263164935822
4.332381715591119,4.7913660181921465
4.597887364223807,4.6843023431907325
1.9553899367983487,3.8605717452319612
2.6958177859536545,4.0656236192996325
3.023335960764077,4.067802512293244
4.459653146318688,3.7880092694485605
4.65315871159194,5.0306279816750665
3.1725846271924967,4.266696729226363
7.7704076900721475,3.9046557489503035
8.10133378720861,4.928203322309492
4.631874363570651,5.26336177809639
4.260543555819787,4.719817242451001
3.45281429007012,3.6614044346406356
2.770068187716569,3.7454919201899255
3.1286406620299534,4.986052724632623
8.35666787180801,4.0342338485594595
3.571690524669614,3.883588925291446
4.584477468110163,5.004584749025803
3.4709202890788338,4.68917908284205
6.555362801678407,3.860478381767455
4.532347518956041,3.87504321566328
3.819171372943555,4.816009825690557
4.379373652046311,4.130665432424056
3.633446060408384,4.196944770688583
1.942706506136788,3.9114544206243016
4.671528058763054,4.743040082292536
3.381959689671345,4.1217912659595495
4.065416495788973,4.101379504227506
4.143823036658206,3.7988169870516564
2.9140276314156277,4.42805089222806
2.358321165746494,4.4556552909111575
4.541512052409988,3.084048975373414
4.2675708954103975,3.6135068028086166
5.014886499694561,4.498234841963784
7.7215237425861,3.9296785791344138
1.6276534392235391,4.3524955322990095
2.0543419637030818,4.610197381306451
8.060507283943426,4.375081407867583
8.608536350556161,4.541643392967549
5.284727569556647,4.613740841034278
7.74430599873804,4.630356299628077
3.895251873557958,3.6561368208841505
2.954581618003566,4.2888715705725495
3.61498484594002,4.164999265695117
3.5727379937951897,4.237855811793489
4.053029353581412,4.346980328936081
2.830180160810421,4.460258731923101
5.12654683762228,4.155811597093897
3.8720319910383463,5.269233854722887
4.886892586515638,4.110320070594481
2.382234857929586,4.257465543716217
4.732625508400016,4.286516841006221
3.367658364336819,3.658419669299329
4.008360132074213,4.517558371089747
4.836987505783728,3.962317781101367
2.190416364184074,3.633468563343637
4.360204545901347,4.934894554513064
3.563001770394379,4.298396142024164
3.719647142759122,4.601637067366846
4.396614013379284,4.1340236402884605
7.744170307696467,4.386999564044167
3.282690938851167,4.248710413970406
4.312427144465627,4.142276381280839
3.232854990670535,3.9476421840688376
3.397239857690216,4.852263240036904
3.071123087580167,4.546068378313606
3.933928339276728,4.0501707739139725
4.730828049818348,3.9180752385025737
2.9686236166889826,4.179890967325531
4.264461448080684,4.430818235626786
2.721121865752247,4.72597516124006
3.1238265672213847,4.724133593430559
3.5880772996936536,4.385107921466355
3.014666485894648,3.833877677030468
3.279348540491976,4.225578140356767
4.207284041103663,4.4274052976061995
4.156555691711144,4.4807756202491476
4.59349475764934,4.685593254310582
3.811269367714689,4.457997852428793
7.979174821871132,3.962822726700768
1.7150044492982712,4.993248701236378
4.245209645170975,3.843230702071657
3.841354484789695,3.9214311568043767
8.637775885568878,4.6308362509714875
3.0934712860258875,4.939929493470493
4.029225921486023,4.1096540413853235
4.504732053951667,4.5391478181864615
3.321300705491221,4.036847225690827
3.299232677547598,3.9183434804970445
4.012397959286469,4.374923555505897
3.55517872241317,5.022475116855711
3.3238347372917207,4.126162683668627
1.6332678490973087,4.489477600624106
4.2840734527125095,4.458186220773242
8.720068723361079,4.25358072151318
3.915024541529065,4.454504553805428
3.6044316839338864,4.409773126737552
3.158158648047758,3.593231470130523
7.797204931998353,4.228029838170572
8.498218843140046,5.029499856582587
4.210682658328627,4.21180553671982
5.549600779595362,4.965311453413543
3.261591334356128,3.7931812003947387
2.2052944756530186,4.058119202008348
3.9040995919553696,4.76102555671434
2.8724957582105994,3.7100290329454575
3.1299590769362737,3.791150994295545
8.254669689991948,4.010627331913271
4.156275605975645,4.452304991852966
3.5390692631540035,5.34103460072633
4.1814193350315865,5.1269743659392875
2.950017654458536,5.025726151484153
2.342480493395408,3.7137603075312122
3.360026966004297,3.930702112158797
7.617876283677195,4.4782156906817985
7.696669646567957,4.967852438688638
7.544003280843714,3.9241082028706686
4.213532184989694,5.341028554570107
2.6793748710538274,4.265762093927058
2.629184763021071,4.228220619896453
3.819100829751952,3.725439476577492
4.6201252791724485,4.733412424113206
8.034260033217707,4.36323644281204
4.285564947311301,4.668093360555239
2.981383012269385,5.045961520502748
3.125888167206615,4.892766519883454
7.415669450117449,4.81536240803469
3.638587552118989,4.59813533339689
1.165260854192013,4.5207997045138075
4.422759553945542,4.605599962462507
5.931349964942008,5.174473267745011
3.165161843663799,4.689463831536682
2.4939916558934456,3.2211868465250637
4.5792149328750185,4.545434479189585
3.5422145934365723,4.648453032230224
3.2683047473762783,4.032776659108553
7.616981315217918,3.971447067952662
2.463919904807194,4.638982945739258
4.952554006424126,4.111143261282943
2.1432746135061485,5.131874084845021
3.7153421674483735,4.3762837449752805
6.910686319627432,4.489303361467568
3.41845257253767,4.291202753634399
2.796187469186936,4.821884042083734
8.352861836305545,3.7515455400285895
4.639415928597448,3.7129788478691417
2.455485090697229,4.7317926543466955
1.944681589078449,3.766524430948747
3.665876975849132,4.21652175881287
2.94947432295207,4.163191975026143
8.033468465972305,3.6398098211097456
4.411360275154856,4.7815237279283105
4.175600995760747,4.679978979924782
3.468209385294194,4.440665873635231
3.4316383352209434,4.366873482566983
3.727410147052562,4.21205715646362
3.723392366897627,4.377338127213935
2.9363910415744674,4.575032257173842
2.73499761198756,4.662667898033865
3.210022441906527,3.9809070160771305
2.486221272099799,4.4676410154903685
4.958597881005296,4.16517163895904
2.4785307510481283,4.452308154550393
3.5195916998470373,3.60838328618727
4.633955356042821,4.228343147639839
8.889427437777641,4.708326880730155
4.134358344428216,4.180713855022444
4.682997631407494,3.7711812445787505
3.720223659734201,4.006688366119355
2.3381743668956325,4.6906824259136455
2.8247854318431878,4.134728657979734
4.540387233839103,4.578220206027169
2.8313858680890727,4.030347278889639
3.077977079734037,4.4034208381940605
4.773482348425136,4.862791330125883
3.995393724926471,4.989843928958243
8.684442751020237,4.244869565228051
3.847435211821885,4.2072856650870625
5.150559387724145,3.2866664879762277
9.038557161232088,4.735790014300864
2.6578277252013827,4.550641980039513
3.697423461252476,4.255236923522592
7.866971442917534,3.9928429057654324
8.627637780878892,5.248066257992621
3.655160920721733,4.850817325672771
4.220544202248625,5.431278845951393
4.0585875302497065,4.685464332479886
4.388593274893408,3.6128087145564245
3.264516686178068,4.556298897875739
3.443525310116889,4.025422309124558
3.203371104933952,3.7081166258230547
4.510514311387894,4.048716224813551
7.647930481910832,3.2876187528909235
3.403235972861819,4.5174116767922765
2.105793045271992,4.443910808864843
3.2857107599970905,4.427145457867871
3.2741841243198526,4.677743008156381
4.739426203835867,4.948463226178303
7.492133207169353,4.548255867128264
7.130592438453747,3.2698535824219226
7.243259923433992,3.8231426791293024
7.517825293805243,3.8075238942566276
2.905090186910438,4.147761290762282
1.9511433235904356,3.7115470069426677
2.542902504307797,4.244728949393849
3.8242123344627577,4.634223599318549
3.9513536816458856,4.273451807428569
4.940191803857784,4.721453411879152
2.567169291236437,3.958373742828622
2.924802749993543,3.90998125212942
3.622892513448232,5.0378136978660875
2.6123773912408423,4.080449301247315
4.693118279776249,4.411743062026969
3.6712038890276073,4.384188715679845
8.844984521930073,4.138261673775503
3.2734099573838757,4.957035048505398
3.4705840512789647,5.091583830190174
8.039073313168641,3.6646691993912635
1.6572558897295742,3.8981233937125044
2.40407133973824,4.140050097831581
2.478153912152537,4.280421555051881
3.2006616699725967,4.047493614849804
2.722340232833084,5.007830544213454
2.911140597759786,3.909636580218523
8.329759507438098,4.937466210575457
2.3287325751224808,4.814254715481443
2.93435023829029,3.4280415981558785
2.450278918324966,4.460219075814667
4.022240342078821,3.65071595476096
5.614526847894913,4.889013370227623
3.349258052840064,4.181044603789872
4.542417455576496,4.075993902044116
3.5636388090034004,4.0123531540434465
3.192831728126042,4.711165862859083
7.921339905637184,3.745515795243484
3.728648527517495,4.045261392307223
4.00963202933781,3.9224719685141647
2.658388539299416,3.9332591340932224
3.2845814820860846,3.6653552973357466
7.677565305876788,4.733305575410277
8.410513949741022,3.8364939569259633
4.290373472610042,4.319055539786644
2.4326292258483617,4.675541556349559
8.906191646175234,4.730840051789839
8.826577787332148,4.092212891626917
4.577391790613194,4.0893198235543045
2.7101820785791317,3.808985079517374
7.242269178117298,4.407396705919153
3.5123470774934744,4.256884542543168
3.7734632846657226,3.743188610198402
3.7614940955527336,4.480532105566055
4.25556457338317,5.309524373695806
4.290142006858176,4.5017093125466925
8.591244359080319,4.357931561832355
3.7314727238536114,4.222209650985081
4.204978398250777,5.054724761874572
3.688191634760528,3.8614423111766465
3.185745253876109,4.129514955095138
1.636735842871915,3.9035687318655183
4.569725607243921,4.316403082314512
4.32970982202658,5.099703012733416
7.942722116185784,3.9679855392078816
3.367415652508137,4.038179221984091
4.091918217231161,5.042192793950337
3.638799655814381,5.087456592522958
3.3363299466797285,4.638277640727987
3.038427856781597,4.150867323524707
3.67021089401182,4.166343234027853
2.583511244753065,4.118637718531355
8.74507431707944,4.144385934612159
4.962386134607537,4.333152537812536
3.331922684471174,4.0024326432123
4.161554120758172,4.083207026961127
7.8828183046183185,5.039925189851887
2.8655079657675198,3.3592876834376746
4.742907476184472,4.883495068195522
3.7177378562357153,4.693384710480315
2.615704936361148,4.631141033582525
3.18825795109008,3.8330719236288027
3.4242529252906677,4.31772405126061
3.738357555155468,4.061532933380732
3.0278358965887566,4.639475892943695
3.12290906957034,4.415938518790276
4.067752137833099,3.684815928126887
3.9564740127470985,4.8808401329175215
4.0841650390793545,3.8336252240891775
2.720396435168723,4.305727496630615
2.8430783802842576,4.382807951177254
4.758855562009597,3.5312375793943946
4.985879314356499,3.901960121656979
7.763534786055413,4.502283281621897
3.095063695865993,3.909052413688709
7.673661948563326,3.3143742227694344
2.1676534809922163,4.073984816947781
2.72286584781081,3.917196666828672
3.942769389845127,3.723441524092258
4.320422187355921,3.7895035793488
8.354397358420865,3.8628646171220944
2.174521617696035,4.222174799649691
1.4260828611440222,4.922924655441177
8.809632514497421,4.389453379317587
3.522449114470578,4.318217657666529
2.91407606063571,3.4997003247105867
2.1013415637455544,4.16314928808927
3.897400552344221,4.732747553826378
3.2445145675683267,3.8328019117605585
5.644259562237992,4.450868050008534
3.7960323233585394,4.781645956928259
2.934656603021212,4.417771072356674
2.5923787104851885,4.142632863850055
2.259549953752635,3.4791813198678523
3.102568068584262,4.060388689500219
4.204302827726008,4.497807871297217
2.262872212196332,3.758827018114135
2.72959031591268,3.790316880557079
2.993457250664445,4.924713871631987
2.94873897897288,4.562083715743757
7.672829755656239,4.033823390060525
4.913922594529687,4.073675491668743
7.43403681431659,3.459915791389161
3.922484974552263,4.29007272876396
4.170080202294006,4.592852556135001
5.173661359147821,4.585183202432548
2.819281295264422,3.890528373276242
3.0475439021969475,3.9146308622611317
3.548751357283329,4.350709128123671
3.7490230288360817,3.6019705957914763
3.388555539939687,4.387026144625178
8.337764004711428,4.914974809989921
2.4797272575728044,3.5218656974552496
8.36954763416663,4.267454751260642
3.720050867094151,4.170500863025231
3.415775884151735,3.8788361901505084
3.5928020228056847,4.421608260812512
3.038099780681755,4.129815932132324
3.0872426645717352,4.453543264068336
8.760935252084895,4.916593576357083
3.578455052328428,4.644023596658733
7.821640232297473,4.354415498627523
8.137667161279222,4.509665691599163
4.616065636263281,4.06135453600128
3.0576163735620203,4.740112262639114
3.740379456204825,4.3220613248302335
2.485314057050957,3.901010677734862
5.525116997703959,5.378294718315949
7.707004557463151,4.475872481013996
8.546299258791281,4.231474536551903
3.918281197419213,4.592618338309291
4.074896925379136,4.317764054633996
8.335674843231782,3.5421736585309085
9.001878833817669,4.783794271090777
3.587446163835943,3.8613113306061937
4.267338953174331,3.980090318924482
3.5225991619059176,4.915017408922442
3.207467243051823,4.2948301448974195
3.5932614765950235,4.8248387246185365
4.5020109661945344,4.178998093260814
2.6408127203540857,4.349551795354711
3.7631259310245535,3.899904034941568
2.8457394249220207,4.008011512604295
7.141109499883182,3.5221853166573487
4.184909041809246,4.438731476356429
3.4591367426088766,4.270770824553194
7.270352606139524,4.177151268575376
3.8518318028208913,4.947462840799453
7.165738015816119,4.042202573726646
4.553070599177558,4.657863832081064
3.8475724689600432,5.190711026718678
9.060932834066294,4.665067960042096
3.834663023081985,4.369580061439601
3.647522074103842,4.487831391028361
3.1697462175068463,4.356067127524913
3.4670341983902704,4.235813050394206
8.438572257998285,4.590590412317507
4.139953706537361,4.097925305006606
4.0242153982093125,4.050597391361622
3.1092240853768423,4.558473486168613
3.186406321099568,3.9667720913153683
8.156191795643531,4.5823865450277355
4.44216802134301,4.863595618448312
4.284856298150532,4.025505517724952
3.979537796625824,4.643793751183534
2.7572472784345705,4.375031280224873
3.1274382001095224,3.868146524457017
5.128153363567597,3.9151079495883856
2.7420425514798943,3.984220537214027
2.5553660490650354,4.042570222698652
2.483456495525184,4.907370759231363
2.194731438620079,4.192468981738176
7.532228412724373,4.026924788657543
3.1101401462663723,3.8759676088562456
3.158890726756088,4.112853380136648
3.0755017348231117,4.69627258583233
2.1340195491088165,4.220725765380828
4.861806872056641,4.210939793194353
2.6554367980318805,4.608133908391376
2.960058685504037,4.337844297960987
3.789780713126944,4.043758134963612
3.5595795864848814,4.023104583341592
3.087678332440479,4.028546665957845
2.981798021268323,4.460357776127724
4.408460726870644,5.077777099785701
4.046597298288537,5.345769813536106
4.361052736538666,4.139789029642857
4.83443450228118,4.3187860414352155
3.0862837820338025,4.625899464209259
2.818990878496474,3.5812750657504053
4.035298441590252,4.4675257800460075
3.59736317721498,5.038234153204461
3.7770613824364663,4.320465985227413
4.051856057404849,3.7301871065945083
2.760760819589251,3.6703565204532342
4.377681203976088,4.949494552494624
3.80021742455217,4.7009140022882825
4.242422605165201,4.684431298168239
3.654931740781713,4.2425669929128205
4.120431285373162,4.45486316686802
2.9773750677229605,4.283717547607732
3.027849016082492,4.2828208397248755
3.828275866426872,4.315964562601051
3.902937010280058,3.767824979287017
3.3084353515241416,4.696019148858829
8.596481215439999,4.419649527912652
7.902042829689034,3.990292436277465
2.806070792652996,4.210810623420417
7.693746427319295,3.9653662136232035
2.690797801919293,4.270660219617848
4.32805784088941,4.490263890840618
4.742566842153027,4.397127182891055
7.820636552486179,3.639057269743453
2.675139348924072,3.6618928158850075
3.6907992537440304,3.7658821577358994
3.034520359875395,3.85440140016534
2.767060398273883,3.756933568531623
4.757366751015979,3.6524978980020117
3.6570804186699406,4.149602737035546
3.4742924354320888,4.917932824017457
3.485662794627591,4.435776338691293
4.922147977927469,4.310755340914417
8.102329757964721,3.979850487102991
3.3631103734780083,4.017165140612838
2.743264512456221,4.923161620345621
3.8222900618134097,4.014793486785416
8.237937537800887,4.277389491668748
3.7588010188329104,4.984977824532765
4.544373978223648,4.415732281083835
4.14967572895666,4.003988732167199
3.2602277090849454,4.972506650188108
4.260467424488198,4.626054777456728
8.083391463624999,4.248098118233684
3.6137689002761855,4.127952562132005
4.0027304895271545,4.044504478134349
4.978611070498241,4.7020795000940385
4.290225556789541,4.423380807656476
2.7531717724974154,4.289766495945253
3.1521378001931244,4.219221880996268
4.45520007220161,4.070176503204026
3.7992914286287336,4.506084460414609
3.210211199133165,4.6185919934362305
3.8879533202804537,5.012706646432124
2.17309535635852,4.255805086132397
3.4387925945369378,4.006249887945082
4.095724860452837,4.1122264484711275
4.520584408682584,3.5690617330946672
2.066579561893445,4.545812719863644
3.176098754394456,3.8993136159646262
3.2076154986755294,3.949739129140739
4.656936180817696,4.2457143761794525
3.5597507855020374,4.136740672781456
4.007715462268352,3.9755293701957353
4.255402725440894,4.702607285954391
6.913392054573491,4.053646798709958
2.655679814393137,4.158724684314237
3.7489557674714855,4.487569941026673
2.918040293357276,4.680629467146739
3.924421471800052,3.729714599488293
4.661699744594291,4.079030121612455
4.163675776674507,3.9137713492683295
4.004592691790584,3.778454630936134
1.840241739668902,4.534067565405348
4.358720219317646,4.737735909421529
2.9808595073910213,4.403299625328355
3.344644758917799,4.392626908082103
3.717463942362897,4.472811613771769
3.9364082258967943,3.9516257822935987
8.910220146371653,4.866862292934958
2.649426035869493,4.821942563436649
2.5970887966738805,3.3474614145093526
2.8137942354690706,4.512670881126009
3.194704605927692,4.039855079302302
2.9293297209739597,4.188979583093952
3.876293493874978,4.628601377309043
8.083858456638914,4.838885985216391
1.4250381933510246,3.5180824281224936
3.953336443192063,3.598107083064857
2.289824210782617,4.045381131332064
3.4763841017255084,4.316037781771784
3.1411849193657315,4.360687071168142
3.828981156087014,4.480619520952072
3.622942377067143,4.493678475641092
4.931511989485418,3.7389553935578954
3.5605817697246933,4.238881089595706
2.5487810547223786,4.848185729206218
7.382542819937172,3.997042826796786
8.442804916947775,3.9970697374514352
3.482750723115662,4.444582267393275
3.346108762199775,4.056016727115873
2.8163479946651795,3.637524068394936
8.567158511382745,4.48766437998613
2.8481924516471637,3.9477109305057083
3.780958515213592,4.937939017277736
4.690480219308121,4.077252604138791
8.718810970703675,4.341730490419367
5.212375871269401,4.016205519382968
4.373770695297832,3.9341896894101764
4.770744226212311,4.006064678353023
4.128198943028607,3.746132748662956
8.53560311086956,4.275521122412782
4.458980932766849,6.529665470191862
2.591743213307391,4.159961088823852
3.2366678247784373,4.54514328288868
3.404259127988941,4.584042585908669
2.9864311241671238,4.424693922877931
2.604792495440062,3.976238370972807
8.067288934089627,4.165339053918485
2.6895118091628047,4.204636246600954
4.023776153645077,4.1038654199548334
3.698503104539125,4.150933555324177
2.3911054004926737,4.510219130442364
2.4997231844298504,4.145139436050047
3.5521274979834887,4.907108092377318
7.410997617301965,3.861816289796646
4.684646750032177,5.135350285531676
2.537247921577786,3.7727680742022938
3.779460782640777,5.217632001937121
3.0351852730131537,3.928155353643456
7.335428077879851,3.4445214946683818
4.291754015438724,4.278062283886259
3.570341066990968,4.229119246789163
4.006578616785855,4.547991625711578
4.228931157937678,5.242980841085336
8.368176363993097,4.7555980278777366
4.553730704222794,4.059951948280021
3.0427098353013804,4.212178851984141
7.046233928976635,4.053052300687015
3.88655274632142,4.170482987126317
7.524268929137985,4.852334395485917
1.7727017447902993,4.2367171225630855
4.822158166366339,3.9930161413587837
3.91600250729034,4.749016857863228
3.1817498454293887,4.989035972664172
4.264798413297349,4.78582194964959
3.460130626414798,3.278363534244894
5.1974477253580815,4.4220155198765285
8.61072077075413,5.017370154785071
8.957669276304458,4.227433215990577
3.6093875827077673,4.325846707270983
3.5413366720114894,4.1593560187395235
3.587081327920814,4.34839997131215
3.636701221730835,4.953508916673363
4.051371391744501,4.0544981129541595
2.4252766811461286,4.804063136776717
7.915216241117818,4.03197070508508
4.579483401787183,5.4174967703299
3.9989434919946,3.5447820771321226
4.785640531470385,4.029060303841305
4.517175879801116,4.66181283006439
4.523653260019875,4.141488852217437
1.769843592061567,3.7768166959588956
3.04590002891562,3.751196321194898
2.4481202694633315,4.174255956341337
3.8452170589661536,4.017274818595279
2.105671120539487,3.7821445871777706
4.617249801185681,4.211728238906608
5.030345328629592,4.67337099012873
3.86670594697115,4.156374238941134
3.1948140948527657,4.617175211488967
7.838611463230002,4.729283560472071
4.221754642682419,3.998993934941973
5.045059583600788,4.815349197131492
5.086206053924978,4.460435094822411
4.255868005111116,4.235882040691605
